IF OBJECT_ID('Prices', 'U') IS NOT NULL DROP TABLE Prices;
IF OBJECT_ID('Asset', 'U') IS NOT NULL DROP TABLE Asset;
IF OBJECT_ID('Asset_Type', 'U') IS NOT NULL DROP TABLE Asset_Type;
IF OBJECT_ID('Data_Source', 'U') IS NOT NULL DROP TABLE Data_Source;

CREATE TABLE Asset_Type (Asset_Type_ID INT PRIMARY KEY, Type_Name VARCHAR(50));
CREATE TABLE Asset (Asset_ID INT PRIMARY KEY, Ticker_Symbol VARCHAR(20), Asset_Name VARCHAR(100), Asset_Type_ID INT FOREIGN KEY REFERENCES Asset_Type(Asset_Type_ID));
CREATE TABLE Data_Source (Data_Source_ID INT PRIMARY KEY, Source_Name VARCHAR(100), Last_Sync_Time_Stamp DATETIME);
CREATE TABLE Prices (Price_ID INT IDENTITY(1,1) PRIMARY KEY, Asset_ID INT FOREIGN KEY REFERENCES Asset(Asset_ID), Price_Date DATE, Close_Price DECIMAL(18, 2), Volume BIGINT, Data_Source_ID INT FOREIGN KEY REFERENCES Data_Source(Data_Source_ID));

INSERT INTO Asset_Type VALUES (1, 'Cryptocurrency');
INSERT INTO Asset_Type VALUES (2, 'Commodity');
INSERT INTO Asset_Type VALUES (3, 'ETF');
INSERT INTO Asset_Type VALUES (4, 'Mutual Fund');
INSERT INTO Data_Source VALUES (101, 'Yahoo Finance API', GETDATE());
INSERT INTO Asset VALUES (1, 'BTC-USD', 'Bitcoin', 1);
INSERT INTO Asset VALUES (2, 'GC=F', 'Gold Futures', 2);
INSERT INTO Asset VALUES (3, 'SI=F', 'Silver Futures', 2);
INSERT INTO Asset VALUES (4, 'SPY', 'SPDR S&P 500 ETF', 3);
INSERT INTO Asset VALUES (5, 'VBIAX', 'Vanguard Balanced Index', 4);

INSERT INTO Prices (Asset_ID, Price_Date, Close_Price, Volume, Data_Source_ID) VALUES (1, '2025-07-16', 118738.51, 72162029070, 101);
INSERT INTO Prices (Asset_ID, Price_Date, Close_Price, Volume, Data_Source_ID) VALUES (2, '2025-07-16', 3352.5, 10, 101);
INSERT INTO Prices (Asset_ID, Price_Date, Close_Price, Volume, Data_Source_ID) VALUES (3, '2025-07-16', 37.85, 218, 101);
INSERT INTO Prices (Asset_ID, Price_Date, Close_Price, Volume, Data_Source_ID) VALUES (4, '2025-07-16', 617.38, 88987500, 101);
INSERT INTO Prices (Asset_ID, Price_Date, Close_Price, Volume, Data_Source_ID) VALUES (5, '2025-07-16', 47.3, 0, 101);
INSERT INTO Prices (Asset_ID, Price_Date, Close_Price, Volume, Data_Source_ID) VALUES (1, '2025-07-17', 119289.84, 72363841798, 101);
INSERT INTO Prices (Asset_ID, Price_Date, Close_Price, Volume, Data_Source_ID) VALUES (2, '2025-07-17', 3340.1, 667, 101);
INSERT INTO Prices (Asset_ID, Price_Date, Close_Price, Volume, Data_Source_ID) VALUES (3, '2025-07-17', 38.06, 147, 101);
INSERT INTO Prices (Asset_ID, Price_Date, Close_Price, Volume, Data_Source_ID) VALUES (4, '2025-07-17', 621.16, 68885700, 101);
INSERT INTO Prices (Asset_ID, Price_Date, Close_Price, Volume, Data_Source_ID) VALUES (5, '2025-07-17', 47.47, 0, 101);
INSERT INTO Prices (Asset_ID, Price_Date, Close_Price, Volume, Data_Source_ID) VALUES (1, '2025-07-18', 118003.23, 77945799785, 101);
INSERT INTO Prices (Asset_ID, Price_Date, Close_Price, Volume, Data_Source_ID) VALUES (2, '2025-07-18', 3353.0, 602, 101);
INSERT INTO Prices (Asset_ID, Price_Date, Close_Price, Volume, Data_Source_ID) VALUES (3, '2025-07-18', 38.22, 52, 101);
INSERT INTO Prices (Asset_ID, Price_Date, Close_Price, Volume, Data_Source_ID) VALUES (4, '2025-07-18', 620.7, 65621600, 101);
INSERT INTO Prices (Asset_ID, Price_Date, Close_Price, Volume, Data_Source_ID) VALUES (5, '2025-07-18', 47.49, 0, 101);
INSERT INTO Prices (Asset_ID, Price_Date, Close_Price, Volume, Data_Source_ID) VALUES (1, '2025-07-19', 117939.98, 47564562765, 101);
INSERT INTO Prices (Asset_ID, Price_Date, Close_Price, Volume, Data_Source_ID) VALUES (1, '2025-07-20', 117300.79, 57515447231, 101);
INSERT INTO Prices (Asset_ID, Price_Date, Close_Price, Volume, Data_Source_ID) VALUES (1, '2025-07-21', 117439.54, 69820091744, 101);
INSERT INTO Prices (Asset_ID, Price_Date, Close_Price, Volume, Data_Source_ID) VALUES (2, '2025-07-21', 3401.9, 53, 101);
INSERT INTO Prices (Asset_ID, Price_Date, Close_Price, Volume, Data_Source_ID) VALUES (3, '2025-07-21', 39.1, 73, 101);
INSERT INTO Prices (Asset_ID, Price_Date, Close_Price, Volume, Data_Source_ID) VALUES (4, '2025-07-21', 621.88, 63375000, 101);
INSERT INTO Prices (Asset_ID, Price_Date, Close_Price, Volume, Data_Source_ID) VALUES (5, '2025-07-21', 47.57, 0, 101);
INSERT INTO Prices (Asset_ID, Price_Date, Close_Price, Volume, Data_Source_ID) VALUES (1, '2025-07-22', 119995.41, 79217583118, 101);
INSERT INTO Prices (Asset_ID, Price_Date, Close_Price, Volume, Data_Source_ID) VALUES (2, '2025-07-22', 3439.2, 39, 101);
INSERT INTO Prices (Asset_ID, Price_Date, Close_Price, Volume, Data_Source_ID) VALUES (3, '2025-07-22', 39.32, 67, 101);
INSERT INTO Prices (Asset_ID, Price_Date, Close_Price, Volume, Data_Source_ID) VALUES (4, '2025-07-22', 621.97, 60046300, 101);
INSERT INTO Prices (Asset_ID, Price_Date, Close_Price, Volume, Data_Source_ID) VALUES (5, '2025-07-22', 47.65, 0, 101);
INSERT INTO Prices (Asset_ID, Price_Date, Close_Price, Volume, Data_Source_ID) VALUES (1, '2025-07-23', 118754.96, 66608604537, 101);
INSERT INTO Prices (Asset_ID, Price_Date, Close_Price, Volume, Data_Source_ID) VALUES (2, '2025-07-23', 3394.1, 63, 101);
INSERT INTO Prices (Asset_ID, Price_Date, Close_Price, Volume, Data_Source_ID) VALUES (3, '2025-07-23', 39.28, 51, 101);
INSERT INTO Prices (Asset_ID, Price_Date, Close_Price, Volume, Data_Source_ID) VALUES (4, '2025-07-23', 627.26, 70511000, 101);
INSERT INTO Prices (Asset_ID, Price_Date, Close_Price, Volume, Data_Source_ID) VALUES (5, '2025-07-23', 47.85, 0, 101);
INSERT INTO Prices (Asset_ID, Price_Date, Close_Price, Volume, Data_Source_ID) VALUES (1, '2025-07-24', 118368.0, 72627318560, 101);
INSERT INTO Prices (Asset_ID, Price_Date, Close_Price, Volume, Data_Source_ID) VALUES (2, '2025-07-24', 3371.0, 1175, 101);
INSERT INTO Prices (Asset_ID, Price_Date, Close_Price, Volume, Data_Source_ID) VALUES (3, '2025-07-24', 39.02, 59, 101);
INSERT INTO Prices (Asset_ID, Price_Date, Close_Price, Volume, Data_Source_ID) VALUES (4, '2025-07-24', 627.47, 71307100, 101);
INSERT INTO Prices (Asset_ID, Price_Date, Close_Price, Volume, Data_Source_ID) VALUES (5, '2025-07-24', 47.82, 0, 101);
INSERT INTO Prices (Asset_ID, Price_Date, Close_Price, Volume, Data_Source_ID) VALUES (1, '2025-07-25', 117635.88, 104857024569, 101);
INSERT INTO Prices (Asset_ID, Price_Date, Close_Price, Volume, Data_Source_ID) VALUES (2, '2025-07-25', 3334.0, 67, 101);
INSERT INTO Prices (Asset_ID, Price_Date, Close_Price, Volume, Data_Source_ID) VALUES (3, '2025-07-25', 38.17, 7, 101);
INSERT INTO Prices (Asset_ID, Price_Date, Close_Price, Volume, Data_Source_ID) VALUES (4, '2025-07-25', 630.12, 56865400, 101);
INSERT INTO Prices (Asset_ID, Price_Date, Close_Price, Volume, Data_Source_ID) VALUES (5, '2025-07-25', 47.99, 0, 101);
INSERT INTO Prices (Asset_ID, Price_Date, Close_Price, Volume, Data_Source_ID) VALUES (1, '2025-07-26', 117947.37, 48508954046, 101);
INSERT INTO Prices (Asset_ID, Price_Date, Close_Price, Volume, Data_Source_ID) VALUES (1, '2025-07-27', 119448.49, 54683390892, 101);
INSERT INTO Prices (Asset_ID, Price_Date, Close_Price, Volume, Data_Source_ID) VALUES (1, '2025-07-28', 117924.48, 64822943193, 101);
INSERT INTO Prices (Asset_ID, Price_Date, Close_Price, Volume, Data_Source_ID) VALUES (2, '2025-07-28', 3309.1, 533, 101);
INSERT INTO Prices (Asset_ID, Price_Date, Close_Price, Volume, Data_Source_ID) VALUES (3, '2025-07-28', 38.03, 154, 101);
INSERT INTO Prices (Asset_ID, Price_Date, Close_Price, Volume, Data_Source_ID) VALUES (4, '2025-07-28', 629.96, 54917100, 101);
INSERT INTO Prices (Asset_ID, Price_Date, Close_Price, Volume, Data_Source_ID) VALUES (5, '2025-07-28', 47.96, 0, 101);
INSERT INTO Prices (Asset_ID, Price_Date, Close_Price, Volume, Data_Source_ID) VALUES (1, '2025-07-29', 117922.15, 68463107433, 101);
INSERT INTO Prices (Asset_ID, Price_Date, Close_Price, Volume, Data_Source_ID) VALUES (2, '2025-07-29', 3323.4, 113144, 101);
INSERT INTO Prices (Asset_ID, Price_Date, Close_Price, Volume, Data_Source_ID) VALUES (3, '2025-07-29', 38.08, 1109, 101);
INSERT INTO Prices (Asset_ID, Price_Date, Close_Price, Volume, Data_Source_ID) VALUES (4, '2025-07-29', 628.3, 60556300, 101);
INSERT INTO Prices (Asset_ID, Price_Date, Close_Price, Volume, Data_Source_ID) VALUES (5, '2025-07-29', 47.95, 0, 101);
INSERT INTO Prices (Asset_ID, Price_Date, Close_Price, Volume, Data_Source_ID) VALUES (1, '2025-07-30', 117831.19, 68896148592, 101);
INSERT INTO Prices (Asset_ID, Price_Date, Close_Price, Volume, Data_Source_ID) VALUES (2, '2025-07-30', 3295.8, 19252, 101);
INSERT INTO Prices (Asset_ID, Price_Date, Close_Price, Volume, Data_Source_ID) VALUES (3, '2025-07-30', 37.57, 352, 101);
INSERT INTO Prices (Asset_ID, Price_Date, Close_Price, Volume, Data_Source_ID) VALUES (4, '2025-07-30', 627.51, 80418900, 101);
INSERT INTO Prices (Asset_ID, Price_Date, Close_Price, Volume, Data_Source_ID) VALUES (5, '2025-07-30', 47.86, 0, 101);
INSERT INTO Prices (Asset_ID, Price_Date, Close_Price, Volume, Data_Source_ID) VALUES (1, '2025-07-31', 115758.2, 69370346018, 101);
INSERT INTO Prices (Asset_ID, Price_Date, Close_Price, Volume, Data_Source_ID) VALUES (2, '2025-07-31', 3293.2, 3704, 101);
INSERT INTO Prices (Asset_ID, Price_Date, Close_Price, Volume, Data_Source_ID) VALUES (3, '2025-07-31', 36.55, 89, 101);
INSERT INTO Prices (Asset_ID, Price_Date, Close_Price, Volume, Data_Source_ID) VALUES (4, '2025-07-31', 625.15, 103385200, 101);
INSERT INTO Prices (Asset_ID, Price_Date, Close_Price, Volume, Data_Source_ID) VALUES (5, '2025-07-31', 47.77, 0, 101);
INSERT INTO Prices (Asset_ID, Price_Date, Close_Price, Volume, Data_Source_ID) VALUES (1, '2025-08-01', 113320.09, 91294530181, 101);
INSERT INTO Prices (Asset_ID, Price_Date, Close_Price, Volume, Data_Source_ID) VALUES (2, '2025-08-01', 3347.7, 3420, 101);
INSERT INTO Prices (Asset_ID, Price_Date, Close_Price, Volume, Data_Source_ID) VALUES (3, '2025-08-01', 36.79, 95, 101);
INSERT INTO Prices (Asset_ID, Price_Date, Close_Price, Volume, Data_Source_ID) VALUES (4, '2025-08-01', 614.91, 140103600, 101);
INSERT INTO Prices (Asset_ID, Price_Date, Close_Price, Volume, Data_Source_ID) VALUES (5, '2025-08-01', 47.43, 0, 101);
INSERT INTO Prices (Asset_ID, Price_Date, Close_Price, Volume, Data_Source_ID) VALUES (1, '2025-08-02', 112526.91, 56870866000, 101);
INSERT INTO Prices (Asset_ID, Price_Date, Close_Price, Volume, Data_Source_ID) VALUES (1, '2025-08-03', 114217.67, 48099615826, 101);
INSERT INTO Prices (Asset_ID, Price_Date, Close_Price, Volume, Data_Source_ID) VALUES (1, '2025-08-04', 115071.88, 35783028986, 101);
INSERT INTO Prices (Asset_ID, Price_Date, Close_Price, Volume, Data_Source_ID) VALUES (2, '2025-08-04', 3374.4, 351, 101);
INSERT INTO Prices (Asset_ID, Price_Date, Close_Price, Volume, Data_Source_ID) VALUES (3, '2025-08-04', 37.19, 488, 101);
INSERT INTO Prices (Asset_ID, Price_Date, Close_Price, Volume, Data_Source_ID) VALUES (4, '2025-08-04', 624.25, 73218000, 101);
INSERT INTO Prices (Asset_ID, Price_Date, Close_Price, Volume, Data_Source_ID) VALUES (5, '2025-08-04', 47.88, 0, 101);
INSERT INTO Prices (Asset_ID, Price_Date, Close_Price, Volume, Data_Source_ID) VALUES (1, '2025-08-05', 114141.45, 61039182286, 101);
INSERT INTO Prices (Asset_ID, Price_Date, Close_Price, Volume, Data_Source_ID) VALUES (2, '2025-08-05', 3381.9, 915, 101);
INSERT INTO Prices (Asset_ID, Price_Date, Close_Price, Volume, Data_Source_ID) VALUES (3, '2025-08-05', 37.69, 3, 101);
INSERT INTO Prices (Asset_ID, Price_Date, Close_Price, Volume, Data_Source_ID) VALUES (4, '2025-08-05', 621.09, 68051400, 101);
INSERT INTO Prices (Asset_ID, Price_Date, Close_Price, Volume, Data_Source_ID) VALUES (5, '2025-08-05', 47.77, 0, 101);
INSERT INTO Prices (Asset_ID, Price_Date, Close_Price, Volume, Data_Source_ID) VALUES (1, '2025-08-06', 115028.0, 56379133510, 101);
INSERT INTO Prices (Asset_ID, Price_Date, Close_Price, Volume, Data_Source_ID) VALUES (2, '2025-08-06', 3380.0, 1492, 101);
INSERT INTO Prices (Asset_ID, Price_Date, Close_Price, Volume, Data_Source_ID) VALUES (3, '2025-08-06', 37.77, 6, 101);
INSERT INTO Prices (Asset_ID, Price_Date, Close_Price, Volume, Data_Source_ID) VALUES (4, '2025-08-06', 625.85, 64357500, 101);
INSERT INTO Prices (Asset_ID, Price_Date, Close_Price, Volume, Data_Source_ID) VALUES (5, '2025-08-06', 47.95, 0, 101);
INSERT INTO Prices (Asset_ID, Price_Date, Close_Price, Volume, Data_Source_ID) VALUES (1, '2025-08-07', 117496.9, 64051649681, 101);
INSERT INTO Prices (Asset_ID, Price_Date, Close_Price, Volume, Data_Source_ID) VALUES (2, '2025-08-07', 3400.3, 5464, 101);
INSERT INTO Prices (Asset_ID, Price_Date, Close_Price, Volume, Data_Source_ID) VALUES (3, '2025-08-07', 38.16, 130, 101);
INSERT INTO Prices (Asset_ID, Price_Date, Close_Price, Volume, Data_Source_ID) VALUES (4, '2025-08-07', 625.32, 74205800, 101);
INSERT INTO Prices (Asset_ID, Price_Date, Close_Price, Volume, Data_Source_ID) VALUES (5, '2025-08-07', 47.91, 0, 101);
INSERT INTO Prices (Asset_ID, Price_Date, Close_Price, Volume, Data_Source_ID) VALUES (1, '2025-08-08', 116688.73, 59713005166, 101);
INSERT INTO Prices (Asset_ID, Price_Date, Close_Price, Volume, Data_Source_ID) VALUES (2, '2025-08-08', 3439.1, 7657, 101);
INSERT INTO Prices (Asset_ID, Price_Date, Close_Price, Volume, Data_Source_ID) VALUES (3, '2025-08-08', 38.42, 54, 101);
INSERT INTO Prices (Asset_ID, Price_Date, Close_Price, Volume, Data_Source_ID) VALUES (4, '2025-08-08', 630.2, 64051600, 101);
INSERT INTO Prices (Asset_ID, Price_Date, Close_Price, Volume, Data_Source_ID) VALUES (5, '2025-08-08', 48.06, 0, 101);
INSERT INTO Prices (Asset_ID, Price_Date, Close_Price, Volume, Data_Source_ID) VALUES (1, '2025-08-09', 116500.36, 54004312429, 101);
INSERT INTO Prices (Asset_ID, Price_Date, Close_Price, Volume, Data_Source_ID) VALUES (1, '2025-08-10', 119306.76, 64755458694, 101);
INSERT INTO Prices (Asset_ID, Price_Date, Close_Price, Volume, Data_Source_ID) VALUES (1, '2025-08-11', 118731.45, 90528784177, 101);
INSERT INTO Prices (Asset_ID, Price_Date, Close_Price, Volume, Data_Source_ID) VALUES (2, '2025-08-11', 3353.1, 1488, 101);
INSERT INTO Prices (Asset_ID, Price_Date, Close_Price, Volume, Data_Source_ID) VALUES (3, '2025-08-11', 37.66, 35, 101);
INSERT INTO Prices (Asset_ID, Price_Date, Close_Price, Volume, Data_Source_ID) VALUES (4, '2025-08-11', 628.95, 58742300, 101);
INSERT INTO Prices (Asset_ID, Price_Date, Close_Price, Volume, Data_Source_ID) VALUES (5, '2025-08-11', 48.01, 0, 101);
INSERT INTO Prices (Asset_ID, Price_Date, Close_Price, Volume, Data_Source_ID) VALUES (1, '2025-08-12', 120172.91, 72803657984, 101);
INSERT INTO Prices (Asset_ID, Price_Date, Close_Price, Volume, Data_Source_ID) VALUES (2, '2025-08-12', 3348.9, 1611, 101);
INSERT INTO Prices (Asset_ID, Price_Date, Close_Price, Volume, Data_Source_ID) VALUES (3, '2025-08-12', 37.9, 19, 101);
INSERT INTO Prices (Asset_ID, Price_Date, Close_Price, Volume, Data_Source_ID) VALUES (4, '2025-08-12', 635.65, 64730800, 101);
INSERT INTO Prices (Asset_ID, Price_Date, Close_Price, Volume, Data_Source_ID) VALUES (5, '2025-08-12', 48.37, 0, 101);
INSERT INTO Prices (Asset_ID, Price_Date, Close_Price, Volume, Data_Source_ID) VALUES (1, '2025-08-13', 123344.06, 90904808795, 101);
INSERT INTO Prices (Asset_ID, Price_Date, Close_Price, Volume, Data_Source_ID) VALUES (2, '2025-08-13', 3358.7, 1011, 101);
INSERT INTO Prices (Asset_ID, Price_Date, Close_Price, Volume, Data_Source_ID) VALUES (3, '2025-08-13', 38.5, 8, 101);
INSERT INTO Prices (Asset_ID, Price_Date, Close_Price, Volume, Data_Source_ID) VALUES (4, '2025-08-13', 637.82, 60092800, 101);
INSERT INTO Prices (Asset_ID, Price_Date, Close_Price, Volume, Data_Source_ID) VALUES (5, '2025-08-13', 48.58, 0, 101);
INSERT INTO Prices (Asset_ID, Price_Date, Close_Price, Volume, Data_Source_ID) VALUES (1, '2025-08-14', 118359.58, 104055627395, 101);
INSERT INTO Prices (Asset_ID, Price_Date, Close_Price, Volume, Data_Source_ID) VALUES (2, '2025-08-14', 3335.2, 592, 101);
INSERT INTO Prices (Asset_ID, Price_Date, Close_Price, Volume, Data_Source_ID) VALUES (3, '2025-08-14', 37.98, 5, 101);
INSERT INTO Prices (Asset_ID, Price_Date, Close_Price, Volume, Data_Source_ID) VALUES (4, '2025-08-14', 637.88, 59327500, 101);
INSERT INTO Prices (Asset_ID, Price_Date, Close_Price, Volume, Data_Source_ID) VALUES (5, '2025-08-14', 48.5, 0, 101);
INSERT INTO Prices (Asset_ID, Price_Date, Close_Price, Volume, Data_Source_ID) VALUES (1, '2025-08-15', 117398.35, 68665353159, 101);
INSERT INTO Prices (Asset_ID, Price_Date, Close_Price, Volume, Data_Source_ID) VALUES (2, '2025-08-15', 3336.0, 1185, 101);
INSERT INTO Prices (Asset_ID, Price_Date, Close_Price, Volume, Data_Source_ID) VALUES (3, '2025-08-15', 37.89, 2, 101);
INSERT INTO Prices (Asset_ID, Price_Date, Close_Price, Volume, Data_Source_ID) VALUES (4, '2025-08-15', 636.39, 68592500, 101);
INSERT INTO Prices (Asset_ID, Price_Date, Close_Price, Volume, Data_Source_ID) VALUES (5, '2025-08-15', 48.39, 0, 101);
INSERT INTO Prices (Asset_ID, Price_Date, Close_Price, Volume, Data_Source_ID) VALUES (1, '2025-08-16', 117491.35, 48036922378, 101);
INSERT INTO Prices (Asset_ID, Price_Date, Close_Price, Volume, Data_Source_ID) VALUES (1, '2025-08-17', 117453.06, 45852169525, 101);
INSERT INTO Prices (Asset_ID, Price_Date, Close_Price, Volume, Data_Source_ID) VALUES (1, '2025-08-18', 116252.31, 72787808090, 101);
INSERT INTO Prices (Asset_ID, Price_Date, Close_Price, Volume, Data_Source_ID) VALUES (2, '2025-08-18', 3331.7, 646, 101);
INSERT INTO Prices (Asset_ID, Price_Date, Close_Price, Volume, Data_Source_ID) VALUES (3, '2025-08-18', 37.95, 3, 101);
INSERT INTO Prices (Asset_ID, Price_Date, Close_Price, Volume, Data_Source_ID) VALUES (4, '2025-08-18', 636.25, 43804900, 101);
INSERT INTO Prices (Asset_ID, Price_Date, Close_Price, Volume, Data_Source_ID) VALUES (5, '2025-08-18', 48.39, 0, 101);
INSERT INTO Prices (Asset_ID, Price_Date, Close_Price, Volume, Data_Source_ID) VALUES (1, '2025-08-19', 112831.18, 71657600353, 101);
INSERT INTO Prices (Asset_ID, Price_Date, Close_Price, Volume, Data_Source_ID) VALUES (2, '2025-08-19', 3313.4, 1655, 101);
INSERT INTO Prices (Asset_ID, Price_Date, Close_Price, Volume, Data_Source_ID) VALUES (3, '2025-08-19', 37.26, 10, 101);
INSERT INTO Prices (Asset_ID, Price_Date, Close_Price, Volume, Data_Source_ID) VALUES (4, '2025-08-19', 632.8, 69750700, 101);
INSERT INTO Prices (Asset_ID, Price_Date, Close_Price, Volume, Data_Source_ID) VALUES (5, '2025-08-19', 48.24, 0, 101);
INSERT INTO Prices (Asset_ID, Price_Date, Close_Price, Volume, Data_Source_ID) VALUES (1, '2025-08-20', 114274.74, 67993811526, 101);
INSERT INTO Prices (Asset_ID, Price_Date, Close_Price, Volume, Data_Source_ID) VALUES (2, '2025-08-20', 3343.4, 1213, 101);
INSERT INTO Prices (Asset_ID, Price_Date, Close_Price, Volume, Data_Source_ID) VALUES (3, '2025-08-20', 37.71, 2, 101);
INSERT INTO Prices (Asset_ID, Price_Date, Close_Price, Volume, Data_Source_ID) VALUES (4, '2025-08-20', 631.12, 88890300, 101);
INSERT INTO Prices (Asset_ID, Price_Date, Close_Price, Volume, Data_Source_ID) VALUES (5, '2025-08-20', 48.18, 0, 101);
INSERT INTO Prices (Asset_ID, Price_Date, Close_Price, Volume, Data_Source_ID) VALUES (1, '2025-08-21', 112419.03, 57817883700, 101);
INSERT INTO Prices (Asset_ID, Price_Date, Close_Price, Volume, Data_Source_ID) VALUES (2, '2025-08-21', 3336.9, 142, 101);
INSERT INTO Prices (Asset_ID, Price_Date, Close_Price, Volume, Data_Source_ID) VALUES (3, '2025-08-21', 38.03, 28, 101);
INSERT INTO Prices (Asset_ID, Price_Date, Close_Price, Volume, Data_Source_ID) VALUES (4, '2025-08-21', 628.59, 54805800, 101);
INSERT INTO Prices (Asset_ID, Price_Date, Close_Price, Volume, Data_Source_ID) VALUES (5, '2025-08-21', 48.04, 0, 101);
INSERT INTO Prices (Asset_ID, Price_Date, Close_Price, Volume, Data_Source_ID) VALUES (1, '2025-08-22', 116874.09, 82528088240, 101);
INSERT INTO Prices (Asset_ID, Price_Date, Close_Price, Volume, Data_Source_ID) VALUES (2, '2025-08-22', 3374.4, 1240, 101);
INSERT INTO Prices (Asset_ID, Price_Date, Close_Price, Volume, Data_Source_ID) VALUES (3, '2025-08-22', 39.0, 2, 101);
INSERT INTO Prices (Asset_ID, Price_Date, Close_Price, Volume, Data_Source_ID) VALUES (4, '2025-08-22', 638.24, 84083200, 101);
INSERT INTO Prices (Asset_ID, Price_Date, Close_Price, Volume, Data_Source_ID) VALUES (5, '2025-08-22', 48.63, 0, 101);
INSERT INTO Prices (Asset_ID, Price_Date, Close_Price, Volume, Data_Source_ID) VALUES (1, '2025-08-23', 115374.33, 55377142586, 101);
INSERT INTO Prices (Asset_ID, Price_Date, Close_Price, Volume, Data_Source_ID) VALUES (1, '2025-08-24', 113458.43, 73961489632, 101);
INSERT INTO Prices (Asset_ID, Price_Date, Close_Price, Volume, Data_Source_ID) VALUES (1, '2025-08-25', 110124.35, 85706860190, 101);
INSERT INTO Prices (Asset_ID, Price_Date, Close_Price, Volume, Data_Source_ID) VALUES (2, '2025-08-25', 3373.8, 1044, 101);
INSERT INTO Prices (Asset_ID, Price_Date, Close_Price, Volume, Data_Source_ID) VALUES (3, '2025-08-25', 38.68, 344, 101);
INSERT INTO Prices (Asset_ID, Price_Date, Close_Price, Volume, Data_Source_ID) VALUES (4, '2025-08-25', 635.43, 51274300, 101);
INSERT INTO Prices (Asset_ID, Price_Date, Close_Price, Volume, Data_Source_ID) VALUES (5, '2025-08-25', 48.47, 0, 101);
INSERT INTO Prices (Asset_ID, Price_Date, Close_Price, Volume, Data_Source_ID) VALUES (1, '2025-08-26', 111802.66, 69396320317, 101);
INSERT INTO Prices (Asset_ID, Price_Date, Close_Price, Volume, Data_Source_ID) VALUES (2, '2025-08-26', 3388.6, 905, 101);
INSERT INTO Prices (Asset_ID, Price_Date, Close_Price, Volume, Data_Source_ID) VALUES (3, '2025-08-26', 38.58, 78, 101);
INSERT INTO Prices (Asset_ID, Price_Date, Close_Price, Volume, Data_Source_ID) VALUES (4, '2025-08-26', 638.09, 51581600, 101);
INSERT INTO Prices (Asset_ID, Price_Date, Close_Price, Volume, Data_Source_ID) VALUES (5, '2025-08-26', 48.63, 0, 101);
INSERT INTO Prices (Asset_ID, Price_Date, Close_Price, Volume, Data_Source_ID) VALUES (1, '2025-08-27', 111222.06, 62137056409, 101);
INSERT INTO Prices (Asset_ID, Price_Date, Close_Price, Volume, Data_Source_ID) VALUES (2, '2025-08-27', 3404.6, 3222, 101);
INSERT INTO Prices (Asset_ID, Price_Date, Close_Price, Volume, Data_Source_ID) VALUES (3, '2025-08-27', 38.69, 38378, 101);
INSERT INTO Prices (Asset_ID, Price_Date, Close_Price, Volume, Data_Source_ID) VALUES (4, '2025-08-27', 639.54, 48341100, 101);
INSERT INTO Prices (Asset_ID, Price_Date, Close_Price, Volume, Data_Source_ID) VALUES (5, '2025-08-27', 48.72, 0, 101);
INSERT INTO Prices (Asset_ID, Price_Date, Close_Price, Volume, Data_Source_ID) VALUES (1, '2025-08-28', 112544.8, 58860155962, 101);
INSERT INTO Prices (Asset_ID, Price_Date, Close_Price, Volume, Data_Source_ID) VALUES (2, '2025-08-28', 3431.8, 1035, 101);
INSERT INTO Prices (Asset_ID, Price_Date, Close_Price, Volume, Data_Source_ID) VALUES (3, '2025-08-28', 39.19, 5603, 101);
INSERT INTO Prices (Asset_ID, Price_Date, Close_Price, Volume, Data_Source_ID) VALUES (4, '2025-08-28', 641.81, 61519500, 101);
INSERT INTO Prices (Asset_ID, Price_Date, Close_Price, Volume, Data_Source_ID) VALUES (5, '2025-08-28', 48.86, 0, 101);
INSERT INTO Prices (Asset_ID, Price_Date, Close_Price, Volume, Data_Source_ID) VALUES (1, '2025-08-29', 108410.84, 77843379644, 101);
INSERT INTO Prices (Asset_ID, Price_Date, Close_Price, Volume, Data_Source_ID) VALUES (2, '2025-08-29', 3473.7, 0, 101);
INSERT INTO Prices (Asset_ID, Price_Date, Close_Price, Volume, Data_Source_ID) VALUES (3, '2025-08-29', 40.2, 0, 101);
INSERT INTO Prices (Asset_ID, Price_Date, Close_Price, Volume, Data_Source_ID) VALUES (4, '2025-08-29', 637.98, 74522200, 101);
INSERT INTO Prices (Asset_ID, Price_Date, Close_Price, Volume, Data_Source_ID) VALUES (5, '2025-08-29', 48.65, 0, 101);
INSERT INTO Prices (Asset_ID, Price_Date, Close_Price, Volume, Data_Source_ID) VALUES (1, '2025-08-30', 108808.07, 51486264208, 101);
INSERT INTO Prices (Asset_ID, Price_Date, Close_Price, Volume, Data_Source_ID) VALUES (1, '2025-08-31', 108236.71, 47986191770, 101);
INSERT INTO Prices (Asset_ID, Price_Date, Close_Price, Volume, Data_Source_ID) VALUES (1, '2025-09-01', 109250.59, 66870372995, 101);
INSERT INTO Prices (Asset_ID, Price_Date, Close_Price, Volume, Data_Source_ID) VALUES (1, '2025-09-02', 111200.59, 74776999491, 101);
INSERT INTO Prices (Asset_ID, Price_Date, Close_Price, Volume, Data_Source_ID) VALUES (2, '2025-09-02', 3549.4, 658, 101);
INSERT INTO Prices (Asset_ID, Price_Date, Close_Price, Volume, Data_Source_ID) VALUES (3, '2025-09-02', 41.07, 820, 101);
INSERT INTO Prices (Asset_ID, Price_Date, Close_Price, Volume, Data_Source_ID) VALUES (4, '2025-09-02', 633.25, 81983500, 101);
INSERT INTO Prices (Asset_ID, Price_Date, Close_Price, Volume, Data_Source_ID) VALUES (5, '2025-09-02', 48.41, 0, 101);
INSERT INTO Prices (Asset_ID, Price_Date, Close_Price, Volume, Data_Source_ID) VALUES (1, '2025-09-03', 111723.21, 61119643565, 101);
INSERT INTO Prices (Asset_ID, Price_Date, Close_Price, Volume, Data_Source_ID) VALUES (2, '2025-09-03', 3593.2, 72, 101);
INSERT INTO Prices (Asset_ID, Price_Date, Close_Price, Volume, Data_Source_ID) VALUES (3, '2025-09-03', 41.54, 409, 101);
INSERT INTO Prices (Asset_ID, Price_Date, Close_Price, Volume, Data_Source_ID) VALUES (4, '2025-09-03', 636.69, 70820900, 101);
INSERT INTO Prices (Asset_ID, Price_Date, Close_Price, Volume, Data_Source_ID) VALUES (5, '2025-09-03', 48.6, 0, 101);
INSERT INTO Prices (Asset_ID, Price_Date, Close_Price, Volume, Data_Source_ID) VALUES (1, '2025-09-04', 110723.6, 60131132901, 101);
INSERT INTO Prices (Asset_ID, Price_Date, Close_Price, Volume, Data_Source_ID) VALUES (2, '2025-09-04', 3565.8, 237, 101);
INSERT INTO Prices (Asset_ID, Price_Date, Close_Price, Volume, Data_Source_ID) VALUES (3, '2025-09-04', 40.91, 249, 101);
INSERT INTO Prices (Asset_ID, Price_Date, Close_Price, Volume, Data_Source_ID) VALUES (4, '2025-09-04', 642.01, 65219200, 101);
INSERT INTO Prices (Asset_ID, Price_Date, Close_Price, Volume, Data_Source_ID) VALUES (5, '2025-09-04', 48.92, 0, 101);
INSERT INTO Prices (Asset_ID, Price_Date, Close_Price, Volume, Data_Source_ID) VALUES (1, '2025-09-05', 110650.98, 60241647677, 101);
INSERT INTO Prices (Asset_ID, Price_Date, Close_Price, Volume, Data_Source_ID) VALUES (2, '2025-09-05', 3613.2, 925, 101);
INSERT INTO Prices (Asset_ID, Price_Date, Close_Price, Volume, Data_Source_ID) VALUES (3, '2025-09-05', 41.07, 835, 101);
INSERT INTO Prices (Asset_ID, Price_Date, Close_Price, Volume, Data_Source_ID) VALUES (4, '2025-09-05', 640.15, 85178900, 101);
INSERT INTO Prices (Asset_ID, Price_Date, Close_Price, Volume, Data_Source_ID) VALUES (5, '2025-09-05', 48.95, 0, 101);
INSERT INTO Prices (Asset_ID, Price_Date, Close_Price, Volume, Data_Source_ID) VALUES (1, '2025-09-06', 110224.7, 21500719036, 101);
INSERT INTO Prices (Asset_ID, Price_Date, Close_Price, Volume, Data_Source_ID) VALUES (1, '2025-09-07', 111167.62, 24618007520, 101);
INSERT INTO Prices (Asset_ID, Price_Date, Close_Price, Volume, Data_Source_ID) VALUES (1, '2025-09-08', 112071.43, 40212813407, 101);
INSERT INTO Prices (Asset_ID, Price_Date, Close_Price, Volume, Data_Source_ID) VALUES (2, '2025-09-08', 3638.1, 97, 101);
INSERT INTO Prices (Asset_ID, Price_Date, Close_Price, Volume, Data_Source_ID) VALUES (3, '2025-09-08', 41.43, 531, 101);
INSERT INTO Prices (Asset_ID, Price_Date, Close_Price, Volume, Data_Source_ID) VALUES (4, '2025-09-08', 641.72, 63133100, 101);
INSERT INTO Prices (Asset_ID, Price_Date, Close_Price, Volume, Data_Source_ID) VALUES (5, '2025-09-08', 49.1, 0, 101);
INSERT INTO Prices (Asset_ID, Price_Date, Close_Price, Volume, Data_Source_ID) VALUES (1, '2025-09-09', 111530.55, 45984480722, 101);
INSERT INTO Prices (Asset_ID, Price_Date, Close_Price, Volume, Data_Source_ID) VALUES (2, '2025-09-09', 3643.3, 535, 101);
INSERT INTO Prices (Asset_ID, Price_Date, Close_Price, Volume, Data_Source_ID) VALUES (3, '2025-09-09', 40.88, 359, 101);
INSERT INTO Prices (Asset_ID, Price_Date, Close_Price, Volume, Data_Source_ID) VALUES (4, '2025-09-09', 643.2, 66133900, 101);
INSERT INTO Prices (Asset_ID, Price_Date, Close_Price, Volume, Data_Source_ID) VALUES (5, '2025-09-09', 49.12, 0, 101);
INSERT INTO Prices (Asset_ID, Price_Date, Close_Price, Volume, Data_Source_ID) VALUES (1, '2025-09-10', 113955.36, 56377473784, 101);
INSERT INTO Prices (Asset_ID, Price_Date, Close_Price, Volume, Data_Source_ID) VALUES (2, '2025-09-10', 3643.6, 136, 101);
INSERT INTO Prices (Asset_ID, Price_Date, Close_Price, Volume, Data_Source_ID) VALUES (3, '2025-09-10', 41.13, 350, 101);
INSERT INTO Prices (Asset_ID, Price_Date, Close_Price, Volume, Data_Source_ID) VALUES (4, '2025-09-10', 645.06, 78034500, 101);
INSERT INTO Prices (Asset_ID, Price_Date, Close_Price, Volume, Data_Source_ID) VALUES (5, '2025-09-10', 49.24, 0, 101);
INSERT INTO Prices (Asset_ID, Price_Date, Close_Price, Volume, Data_Source_ID) VALUES (1, '2025-09-11', 115507.54, 45685065332, 101);
INSERT INTO Prices (Asset_ID, Price_Date, Close_Price, Volume, Data_Source_ID) VALUES (2, '2025-09-11', 3636.9, 307, 101);
INSERT INTO Prices (Asset_ID, Price_Date, Close_Price, Volume, Data_Source_ID) VALUES (3, '2025-09-11', 41.7, 538, 101);
INSERT INTO Prices (Asset_ID, Price_Date, Close_Price, Volume, Data_Source_ID) VALUES (4, '2025-09-11', 650.42, 69934400, 101);
INSERT INTO Prices (Asset_ID, Price_Date, Close_Price, Volume, Data_Source_ID) VALUES (5, '2025-09-11', 49.55, 0, 101);
INSERT INTO Prices (Asset_ID, Price_Date, Close_Price, Volume, Data_Source_ID) VALUES (1, '2025-09-12', 116101.58, 54785725894, 101);
INSERT INTO Prices (Asset_ID, Price_Date, Close_Price, Volume, Data_Source_ID) VALUES (2, '2025-09-12', 3649.4, 1300, 101);
INSERT INTO Prices (Asset_ID, Price_Date, Close_Price, Volume, Data_Source_ID) VALUES (3, '2025-09-12', 42.39, 18, 101);
INSERT INTO Prices (Asset_ID, Price_Date, Close_Price, Volume, Data_Source_ID) VALUES (4, '2025-09-12', 650.21, 72780100, 101);
INSERT INTO Prices (Asset_ID, Price_Date, Close_Price, Volume, Data_Source_ID) VALUES (5, '2025-09-12', 49.47, 0, 101);
INSERT INTO Prices (Asset_ID, Price_Date, Close_Price, Volume, Data_Source_ID) VALUES (1, '2025-09-13', 115950.51, 34549454947, 101);
INSERT INTO Prices (Asset_ID, Price_Date, Close_Price, Volume, Data_Source_ID) VALUES (1, '2025-09-14', 115407.66, 32798036057, 101);
INSERT INTO Prices (Asset_ID, Price_Date, Close_Price, Volume, Data_Source_ID) VALUES (1, '2025-09-15', 115444.88, 52937859416, 101);
INSERT INTO Prices (Asset_ID, Price_Date, Close_Price, Volume, Data_Source_ID) VALUES (2, '2025-09-15', 3682.2, 210, 101);
INSERT INTO Prices (Asset_ID, Price_Date, Close_Price, Volume, Data_Source_ID) VALUES (3, '2025-09-15', 42.52, 48, 101);
INSERT INTO Prices (Asset_ID, Price_Date, Close_Price, Volume, Data_Source_ID) VALUES (4, '2025-09-15', 653.67, 63772400, 101);
INSERT INTO Prices (Asset_ID, Price_Date, Close_Price, Volume, Data_Source_ID) VALUES (5, '2025-09-15', 49.65, 0, 101);
INSERT INTO Prices (Asset_ID, Price_Date, Close_Price, Volume, Data_Source_ID) VALUES (1, '2025-09-16', 116843.19, 45781744593, 101);
INSERT INTO Prices (Asset_ID, Price_Date, Close_Price, Volume, Data_Source_ID) VALUES (2, '2025-09-16', 3688.9, 373, 101);
INSERT INTO Prices (Asset_ID, Price_Date, Close_Price, Volume, Data_Source_ID) VALUES (3, '2025-09-16', 42.47, 894, 101);
INSERT INTO Prices (Asset_ID, Price_Date, Close_Price, Volume, Data_Source_ID) VALUES (4, '2025-09-16', 652.77, 61169000, 101);
INSERT INTO Prices (Asset_ID, Price_Date, Close_Price, Volume, Data_Source_ID) VALUES (5, '2025-09-16', 49.63, 0, 101);
INSERT INTO Prices (Asset_ID, Price_Date, Close_Price, Volume, Data_Source_ID) VALUES (1, '2025-09-17', 116468.51, 60528025996, 101);
INSERT INTO Prices (Asset_ID, Price_Date, Close_Price, Volume, Data_Source_ID) VALUES (2, '2025-09-17', 3681.8, 183, 101);
INSERT INTO Prices (Asset_ID, Price_Date, Close_Price, Volume, Data_Source_ID) VALUES (3, '2025-09-17', 41.72, 311, 101);
INSERT INTO Prices (Asset_ID, Price_Date, Close_Price, Volume, Data_Source_ID) VALUES (4, '2025-09-17', 651.96, 101952200, 101);
INSERT INTO Prices (Asset_ID, Price_Date, Close_Price, Volume, Data_Source_ID) VALUES (5, '2025-09-17', 49.58, 0, 101);
INSERT INTO Prices (Asset_ID, Price_Date, Close_Price, Volume, Data_Source_ID) VALUES (1, '2025-09-18', 117137.2, 49457272032, 101);
INSERT INTO Prices (Asset_ID, Price_Date, Close_Price, Volume, Data_Source_ID) VALUES (2, '2025-09-18', 3643.7, 80, 101);
INSERT INTO Prices (Asset_ID, Price_Date, Close_Price, Volume, Data_Source_ID) VALUES (3, '2025-09-18', 41.71, 156, 101);
INSERT INTO Prices (Asset_ID, Price_Date, Close_Price, Volume, Data_Source_ID) VALUES (4, '2025-09-18', 655.0, 90459200, 101);
INSERT INTO Prices (Asset_ID, Price_Date, Close_Price, Volume, Data_Source_ID) VALUES (5, '2025-09-18', 49.72, 0, 101);
INSERT INTO Prices (Asset_ID, Price_Date, Close_Price, Volume, Data_Source_ID) VALUES (1, '2025-09-19', 115688.86, 38828473971, 101);
INSERT INTO Prices (Asset_ID, Price_Date, Close_Price, Volume, Data_Source_ID) VALUES (2, '2025-09-19', 3671.5, 211, 101);
INSERT INTO Prices (Asset_ID, Price_Date, Close_Price, Volume, Data_Source_ID) VALUES (3, '2025-09-19', 42.54, 625, 101);
INSERT INTO Prices (Asset_ID, Price_Date, Close_Price, Volume, Data_Source_ID) VALUES (4, '2025-09-19', 658.25, 97945600, 101);
INSERT INTO Prices (Asset_ID, Price_Date, Close_Price, Volume, Data_Source_ID) VALUES (5, '2025-09-19', 49.83, 0, 101);
INSERT INTO Prices (Asset_ID, Price_Date, Close_Price, Volume, Data_Source_ID) VALUES (1, '2025-09-20', 115721.96, 22864449614, 101);
INSERT INTO Prices (Asset_ID, Price_Date, Close_Price, Volume, Data_Source_ID) VALUES (1, '2025-09-21', 115306.09, 22495852193, 101);
INSERT INTO Prices (Asset_ID, Price_Date, Close_Price, Volume, Data_Source_ID) VALUES (1, '2025-09-22', 112748.51, 70684158591, 101);
INSERT INTO Prices (Asset_ID, Price_Date, Close_Price, Volume, Data_Source_ID) VALUES (2, '2025-09-22', 3740.7, 410, 101);
INSERT INTO Prices (Asset_ID, Price_Date, Close_Price, Volume, Data_Source_ID) VALUES (3, '2025-09-22', 43.8, 179, 101);
INSERT INTO Prices (Asset_ID, Price_Date, Close_Price, Volume, Data_Source_ID) VALUES (4, '2025-09-22', 661.36, 69452200, 101);
INSERT INTO Prices (Asset_ID, Price_Date, Close_Price, Volume, Data_Source_ID) VALUES (5, '2025-09-22', 49.94, 0, 101);
INSERT INTO Prices (Asset_ID, Price_Date, Close_Price, Volume, Data_Source_ID) VALUES (1, '2025-09-23', 112014.5, 47211853279, 101);
INSERT INTO Prices (Asset_ID, Price_Date, Close_Price, Volume, Data_Source_ID) VALUES (2, '2025-09-23', 3780.6, 627, 101);
INSERT INTO Prices (Asset_ID, Price_Date, Close_Price, Volume, Data_Source_ID) VALUES (3, '2025-09-23', 44.19, 400, 101);
INSERT INTO Prices (Asset_ID, Price_Date, Close_Price, Volume, Data_Source_ID) VALUES (4, '2025-09-23', 657.76, 81708900, 101);
INSERT INTO Prices (Asset_ID, Price_Date, Close_Price, Volume, Data_Source_ID) VALUES (5, '2025-09-23', 49.81, 0, 101);
INSERT INTO Prices (Asset_ID, Price_Date, Close_Price, Volume, Data_Source_ID) VALUES (1, '2025-09-24', 113328.63, 48044595085, 101);
INSERT INTO Prices (Asset_ID, Price_Date, Close_Price, Volume, Data_Source_ID) VALUES (2, '2025-09-24', 3732.1, 588, 101);
INSERT INTO Prices (Asset_ID, Price_Date, Close_Price, Volume, Data_Source_ID) VALUES (3, '2025-09-24', 43.78, 174, 101);
INSERT INTO Prices (Asset_ID, Price_Date, Close_Price, Volume, Data_Source_ID) VALUES (4, '2025-09-24', 655.67, 68082200, 101);
INSERT INTO Prices (Asset_ID, Price_Date, Close_Price, Volume, Data_Source_ID) VALUES (5, '2025-09-24', 49.66, 0, 101);
INSERT INTO Prices (Asset_ID, Price_Date, Close_Price, Volume, Data_Source_ID) VALUES (1, '2025-09-25', 109049.29, 75528654284, 101);
INSERT INTO Prices (Asset_ID, Price_Date, Close_Price, Volume, Data_Source_ID) VALUES (2, '2025-09-25', 3736.9, 1899, 101);
INSERT INTO Prices (Asset_ID, Price_Date, Close_Price, Volume, Data_Source_ID) VALUES (3, '2025-09-25', 44.7, 199, 101);
INSERT INTO Prices (Asset_ID, Price_Date, Close_Price, Volume, Data_Source_ID) VALUES (4, '2025-09-25', 652.64, 89622100, 101);
INSERT INTO Prices (Asset_ID, Price_Date, Close_Price, Volume, Data_Source_ID) VALUES (5, '2025-09-25', 49.46, 0, 101);
INSERT INTO Prices (Asset_ID, Price_Date, Close_Price, Volume, Data_Source_ID) VALUES (1, '2025-09-26', 109712.83, 57738288949, 101);
INSERT INTO Prices (Asset_ID, Price_Date, Close_Price, Volume, Data_Source_ID) VALUES (2, '2025-09-26', 3775.3, 19308, 101);
INSERT INTO Prices (Asset_ID, Price_Date, Close_Price, Volume, Data_Source_ID) VALUES (3, '2025-09-26', 46.22, 556, 101);
INSERT INTO Prices (Asset_ID, Price_Date, Close_Price, Volume, Data_Source_ID) VALUES (4, '2025-09-26', 656.38, 69179200, 101);
INSERT INTO Prices (Asset_ID, Price_Date, Close_Price, Volume, Data_Source_ID) VALUES (5, '2025-09-26', 49.66, 0, 101);
INSERT INTO Prices (Asset_ID, Price_Date, Close_Price, Volume, Data_Source_ID) VALUES (1, '2025-09-27', 109681.95, 26308042910, 101);
INSERT INTO Prices (Asset_ID, Price_Date, Close_Price, Volume, Data_Source_ID) VALUES (1, '2025-09-28', 112122.64, 33371048505, 101);
INSERT INTO Prices (Asset_ID, Price_Date, Close_Price, Volume, Data_Source_ID) VALUES (1, '2025-09-29', 114400.38, 60000147466, 101);
INSERT INTO Prices (Asset_ID, Price_Date, Close_Price, Volume, Data_Source_ID) VALUES (2, '2025-09-29', 3820.9, 8860, 101);
INSERT INTO Prices (Asset_ID, Price_Date, Close_Price, Volume, Data_Source_ID) VALUES (3, '2025-09-29', 46.61, 622, 101);
INSERT INTO Prices (Asset_ID, Price_Date, Close_Price, Volume, Data_Source_ID) VALUES (4, '2025-09-29', 658.23, 73499000, 101);
INSERT INTO Prices (Asset_ID, Price_Date, Close_Price, Volume, Data_Source_ID) VALUES (5, '2025-09-29', 49.78, 0, 101);
INSERT INTO Prices (Asset_ID, Price_Date, Close_Price, Volume, Data_Source_ID) VALUES (1, '2025-09-30', 114056.09, 58986330258, 101);
INSERT INTO Prices (Asset_ID, Price_Date, Close_Price, Volume, Data_Source_ID) VALUES (2, '2025-09-30', 3840.8, 1611, 101);
INSERT INTO Prices (Asset_ID, Price_Date, Close_Price, Volume, Data_Source_ID) VALUES (3, '2025-09-30', 46.25, 338, 101);
INSERT INTO Prices (Asset_ID, Price_Date, Close_Price, Volume, Data_Source_ID) VALUES (4, '2025-09-30', 660.71, 86288000, 101);
INSERT INTO Prices (Asset_ID, Price_Date, Close_Price, Volume, Data_Source_ID) VALUES (5, '2025-09-30', 49.89, 0, 101);
INSERT INTO Prices (Asset_ID, Price_Date, Close_Price, Volume, Data_Source_ID) VALUES (1, '2025-10-01', 118648.93, 71328680132, 101);
INSERT INTO Prices (Asset_ID, Price_Date, Close_Price, Volume, Data_Source_ID) VALUES (2, '2025-10-01', 3867.5, 1778, 101);
INSERT INTO Prices (Asset_ID, Price_Date, Close_Price, Volume, Data_Source_ID) VALUES (3, '2025-10-01', 47.29, 125, 101);
INSERT INTO Prices (Asset_ID, Price_Date, Close_Price, Volume, Data_Source_ID) VALUES (4, '2025-10-01', 662.96, 72545400, 101);
INSERT INTO Prices (Asset_ID, Price_Date, Close_Price, Volume, Data_Source_ID) VALUES (5, '2025-10-01', 50.03, 0, 101);
INSERT INTO Prices (Asset_ID, Price_Date, Close_Price, Volume, Data_Source_ID) VALUES (1, '2025-10-02', 120681.26, 71415163912, 101);
INSERT INTO Prices (Asset_ID, Price_Date, Close_Price, Volume, Data_Source_ID) VALUES (2, '2025-10-02', 3839.7, 3418, 101);
INSERT INTO Prices (Asset_ID, Price_Date, Close_Price, Volume, Data_Source_ID) VALUES (3, '2025-10-02', 46.0, 509, 101);
INSERT INTO Prices (Asset_ID, Price_Date, Close_Price, Volume, Data_Source_ID) VALUES (4, '2025-10-02', 663.72, 56896000, 101);
INSERT INTO Prices (Asset_ID, Price_Date, Close_Price, Volume, Data_Source_ID) VALUES (5, '2025-10-02', 50.1, 0, 101);
INSERT INTO Prices (Asset_ID, Price_Date, Close_Price, Volume, Data_Source_ID) VALUES (1, '2025-10-03', 122266.53, 83941392228, 101);
INSERT INTO Prices (Asset_ID, Price_Date, Close_Price, Volume, Data_Source_ID) VALUES (2, '2025-10-03', 3880.8, 392, 101);
INSERT INTO Prices (Asset_ID, Price_Date, Close_Price, Volume, Data_Source_ID) VALUES (3, '2025-10-03', 47.6, 53, 101);
INSERT INTO Prices (Asset_ID, Price_Date, Close_Price, Volume, Data_Source_ID) VALUES (4, '2025-10-03', 663.71, 70494400, 101);
INSERT INTO Prices (Asset_ID, Price_Date, Close_Price, Volume, Data_Source_ID) VALUES (5, '2025-10-03', 50.09, 0, 101);
INSERT INTO Prices (Asset_ID, Price_Date, Close_Price, Volume, Data_Source_ID) VALUES (1, '2025-10-04', 122425.43, 36769171735, 101);
INSERT INTO Prices (Asset_ID, Price_Date, Close_Price, Volume, Data_Source_ID) VALUES (1, '2025-10-05', 123513.48, 73689317763, 101);
INSERT INTO Prices (Asset_ID, Price_Date, Close_Price, Volume, Data_Source_ID) VALUES (1, '2025-10-06', 124752.53, 72568881188, 101);
INSERT INTO Prices (Asset_ID, Price_Date, Close_Price, Volume, Data_Source_ID) VALUES (2, '2025-10-06', 3948.5, 1267, 101);
INSERT INTO Prices (Asset_ID, Price_Date, Close_Price, Volume, Data_Source_ID) VALUES (3, '2025-10-06', 48.08, 60, 101);
INSERT INTO Prices (Asset_ID, Price_Date, Close_Price, Volume, Data_Source_ID) VALUES (4, '2025-10-06', 666.09, 54623300, 101);
INSERT INTO Prices (Asset_ID, Price_Date, Close_Price, Volume, Data_Source_ID) VALUES (5, '2025-10-06', 50.17, 0, 101);
INSERT INTO Prices (Asset_ID, Price_Date, Close_Price, Volume, Data_Source_ID) VALUES (1, '2025-10-07', 121451.38, 76149412513, 101);
INSERT INTO Prices (Asset_ID, Price_Date, Close_Price, Volume, Data_Source_ID) VALUES (2, '2025-10-07', 3976.6, 2903, 101);
INSERT INTO Prices (Asset_ID, Price_Date, Close_Price, Volume, Data_Source_ID) VALUES (3, '2025-10-07', 47.18, 708, 101);
INSERT INTO Prices (Asset_ID, Price_Date, Close_Price, Volume, Data_Source_ID) VALUES (4, '2025-10-07', 663.62, 72020100, 101);
INSERT INTO Prices (Asset_ID, Price_Date, Close_Price, Volume, Data_Source_ID) VALUES (5, '2025-10-07', 50.06, 0, 101);
INSERT INTO Prices (Asset_ID, Price_Date, Close_Price, Volume, Data_Source_ID) VALUES (1, '2025-10-08', 123354.87, 65354305286, 101);
INSERT INTO Prices (Asset_ID, Price_Date, Close_Price, Volume, Data_Source_ID) VALUES (2, '2025-10-08', 4043.3, 2179, 101);
INSERT INTO Prices (Asset_ID, Price_Date, Close_Price, Volume, Data_Source_ID) VALUES (3, '2025-10-08', 48.66, 149, 101);
INSERT INTO Prices (Asset_ID, Price_Date, Close_Price, Volume, Data_Source_ID) VALUES (4, '2025-10-08', 667.58, 60702200, 101);
INSERT INTO Prices (Asset_ID, Price_Date, Close_Price, Volume, Data_Source_ID) VALUES (5, '2025-10-08', 50.26, 0, 101);
INSERT INTO Prices (Asset_ID, Price_Date, Close_Price, Volume, Data_Source_ID) VALUES (1, '2025-10-09', 121705.59, 74653009425, 101);
INSERT INTO Prices (Asset_ID, Price_Date, Close_Price, Volume, Data_Source_ID) VALUES (2, '2025-10-09', 3946.3, 3130, 101);
INSERT INTO Prices (Asset_ID, Price_Date, Close_Price, Volume, Data_Source_ID) VALUES (3, '2025-10-09', 46.85, 1568, 101);
INSERT INTO Prices (Asset_ID, Price_Date, Close_Price, Volume, Data_Source_ID) VALUES (4, '2025-10-09', 665.65, 66501900, 101);
INSERT INTO Prices (Asset_ID, Price_Date, Close_Price, Volume, Data_Source_ID) VALUES (5, '2025-10-09', 50.14, 0, 101);
INSERT INTO Prices (Asset_ID, Price_Date, Close_Price, Volume, Data_Source_ID) VALUES (1, '2025-10-10', 113214.37, 153125018868, 101);
INSERT INTO Prices (Asset_ID, Price_Date, Close_Price, Volume, Data_Source_ID) VALUES (2, '2025-10-10', 3975.9, 1697, 101);
INSERT INTO Prices (Asset_ID, Price_Date, Close_Price, Volume, Data_Source_ID) VALUES (3, '2025-10-10', 46.94, 453, 101);
INSERT INTO Prices (Asset_ID, Price_Date, Close_Price, Volume, Data_Source_ID) VALUES (4, '2025-10-10', 647.65, 159422600, 101);
INSERT INTO Prices (Asset_ID, Price_Date, Close_Price, Volume, Data_Source_ID) VALUES (5, '2025-10-10', 49.38, 0, 101);
INSERT INTO Prices (Asset_ID, Price_Date, Close_Price, Volume, Data_Source_ID) VALUES (1, '2025-10-11', 110807.88, 110236934340, 101);
INSERT INTO Prices (Asset_ID, Price_Date, Close_Price, Volume, Data_Source_ID) VALUES (1, '2025-10-12', 115169.77, 93710414091, 101);
INSERT INTO Prices (Asset_ID, Price_Date, Close_Price, Volume, Data_Source_ID) VALUES (1, '2025-10-13', 115271.08, 71582026739, 101);
INSERT INTO Prices (Asset_ID, Price_Date, Close_Price, Volume, Data_Source_ID) VALUES (2, '2025-10-13', 4108.6, 1697, 101);
INSERT INTO Prices (Asset_ID, Price_Date, Close_Price, Volume, Data_Source_ID) VALUES (3, '2025-10-13', 50.13, 453, 101);
INSERT INTO Prices (Asset_ID, Price_Date, Close_Price, Volume, Data_Source_ID) VALUES (4, '2025-10-13', 657.59, 79560500, 101);
INSERT INTO Prices (Asset_ID, Price_Date, Close_Price, Volume, Data_Source_ID) VALUES (5, '2025-10-13', 49.89, 0, 101);
INSERT INTO Prices (Asset_ID, Price_Date, Close_Price, Volume, Data_Source_ID) VALUES (1, '2025-10-14', 113118.66, 92212917403, 101);
INSERT INTO Prices (Asset_ID, Price_Date, Close_Price, Volume, Data_Source_ID) VALUES (2, '2025-10-14', 4138.7, 2424, 101);
INSERT INTO Prices (Asset_ID, Price_Date, Close_Price, Volume, Data_Source_ID) VALUES (3, '2025-10-14', 50.31, 249, 101);
INSERT INTO Prices (Asset_ID, Price_Date, Close_Price, Volume, Data_Source_ID) VALUES (4, '2025-10-14', 656.79, 88779600, 101);
INSERT INTO Prices (Asset_ID, Price_Date, Close_Price, Volume, Data_Source_ID) VALUES (5, '2025-10-14', 49.92, 0, 101);
INSERT INTO Prices (Asset_ID, Price_Date, Close_Price, Volume, Data_Source_ID) VALUES (1, '2025-10-15', 110783.16, 72574132855, 101);
INSERT INTO Prices (Asset_ID, Price_Date, Close_Price, Volume, Data_Source_ID) VALUES (2, '2025-10-15', 4176.9, 3287, 101);
INSERT INTO Prices (Asset_ID, Price_Date, Close_Price, Volume, Data_Source_ID) VALUES (3, '2025-10-15', 51.07, 102, 101);
INSERT INTO Prices (Asset_ID, Price_Date, Close_Price, Volume, Data_Source_ID) VALUES (4, '2025-10-15', 659.7, 81702600, 101);
INSERT INTO Prices (Asset_ID, Price_Date, Close_Price, Volume, Data_Source_ID) VALUES (5, '2025-10-15', 50.04, 0, 101);
INSERT INTO Prices (Asset_ID, Price_Date, Close_Price, Volume, Data_Source_ID) VALUES (1, '2025-10-16', 108186.04, 87306423067, 101);
INSERT INTO Prices (Asset_ID, Price_Date, Close_Price, Volume, Data_Source_ID) VALUES (2, '2025-10-16', 4280.2, 4705, 101);
INSERT INTO Prices (Asset_ID, Price_Date, Close_Price, Volume, Data_Source_ID) VALUES (3, '2025-10-16', 53.02, 356, 101);
INSERT INTO Prices (Asset_ID, Price_Date, Close_Price, Volume, Data_Source_ID) VALUES (4, '2025-10-16', 655.21, 110563300, 101);
INSERT INTO Prices (Asset_ID, Price_Date, Close_Price, Volume, Data_Source_ID) VALUES (5, '2025-10-16', 49.87, 0, 101);
INSERT INTO Prices (Asset_ID, Price_Date, Close_Price, Volume, Data_Source_ID) VALUES (1, '2025-10-17', 106467.79, 99703051669, 101);
INSERT INTO Prices (Asset_ID, Price_Date, Close_Price, Volume, Data_Source_ID) VALUES (2, '2025-10-17', 4189.9, 4060, 101);
INSERT INTO Prices (Asset_ID, Price_Date, Close_Price, Volume, Data_Source_ID) VALUES (3, '2025-10-17', 49.86, 400, 101);
INSERT INTO Prices (Asset_ID, Price_Date, Close_Price, Volume, Data_Source_ID) VALUES (4, '2025-10-17', 658.93, 96500900, 101);
INSERT INTO Prices (Asset_ID, Price_Date, Close_Price, Volume, Data_Source_ID) VALUES (5, '2025-10-17', 49.98, 0, 101);
INSERT INTO Prices (Asset_ID, Price_Date, Close_Price, Volume, Data_Source_ID) VALUES (1, '2025-10-18', 107198.27, 37779905278, 101);
INSERT INTO Prices (Asset_ID, Price_Date, Close_Price, Volume, Data_Source_ID) VALUES (1, '2025-10-19', 108666.71, 47657008953, 101);
INSERT INTO Prices (Asset_ID, Price_Date, Close_Price, Volume, Data_Source_ID) VALUES (1, '2025-10-20', 110588.93, 63507793085, 101);
INSERT INTO Prices (Asset_ID, Price_Date, Close_Price, Volume, Data_Source_ID) VALUES (2, '2025-10-20', 4336.4, 1750, 101);
INSERT INTO Prices (Asset_ID, Price_Date, Close_Price, Volume, Data_Source_ID) VALUES (3, '2025-10-20', 51.12, 652, 101);
INSERT INTO Prices (Asset_ID, Price_Date, Close_Price, Volume, Data_Source_ID) VALUES (4, '2025-10-20', 665.78, 60493400, 101);
INSERT INTO Prices (Asset_ID, Price_Date, Close_Price, Volume, Data_Source_ID) VALUES (5, '2025-10-20', 50.35, 0, 101);
INSERT INTO Prices (Asset_ID, Price_Date, Close_Price, Volume, Data_Source_ID) VALUES (1, '2025-10-21', 108476.89, 101194375480, 101);
INSERT INTO Prices (Asset_ID, Price_Date, Close_Price, Volume, Data_Source_ID) VALUES (2, '2025-10-21', 4087.7, 2943, 101);
INSERT INTO Prices (Asset_ID, Price_Date, Close_Price, Volume, Data_Source_ID) VALUES (3, '2025-10-21', 47.45, 329, 101);
INSERT INTO Prices (Asset_ID, Price_Date, Close_Price, Volume, Data_Source_ID) VALUES (4, '2025-10-21', 665.77, 56249000, 101);
INSERT INTO Prices (Asset_ID, Price_Date, Close_Price, Volume, Data_Source_ID) VALUES (5, '2025-10-21', 50.38, 0, 101);
INSERT INTO Prices (Asset_ID, Price_Date, Close_Price, Volume, Data_Source_ID) VALUES (1, '2025-10-22', 107688.59, 80807013218, 101);
INSERT INTO Prices (Asset_ID, Price_Date, Close_Price, Volume, Data_Source_ID) VALUES (2, '2025-10-22', 4044.4, 1237, 101);
INSERT INTO Prices (Asset_ID, Price_Date, Close_Price, Volume, Data_Source_ID) VALUES (3, '2025-10-22', 47.46, 347, 101);
INSERT INTO Prices (Asset_ID, Price_Date, Close_Price, Volume, Data_Source_ID) VALUES (4, '2025-10-22', 662.31, 80564000, 101);
INSERT INTO Prices (Asset_ID, Price_Date, Close_Price, Volume, Data_Source_ID) VALUES (5, '2025-10-22', 50.19, 0, 101);
INSERT INTO Prices (Asset_ID, Price_Date, Close_Price, Volume, Data_Source_ID) VALUES (1, '2025-10-23', 110069.73, 54944076060, 101);
INSERT INTO Prices (Asset_ID, Price_Date, Close_Price, Volume, Data_Source_ID) VALUES (2, '2025-10-23', 4125.5, 354, 101);
INSERT INTO Prices (Asset_ID, Price_Date, Close_Price, Volume, Data_Source_ID) VALUES (3, '2025-10-23', 48.48, 507, 101);
INSERT INTO Prices (Asset_ID, Price_Date, Close_Price, Volume, Data_Source_ID) VALUES (4, '2025-10-23', 666.24, 65604500, 101);
INSERT INTO Prices (Asset_ID, Price_Date, Close_Price, Volume, Data_Source_ID) VALUES (5, '2025-10-23', 50.35, 0, 101);
INSERT INTO Prices (Asset_ID, Price_Date, Close_Price, Volume, Data_Source_ID) VALUES (1, '2025-10-24', 111033.92, 48160816980, 101);
INSERT INTO Prices (Asset_ID, Price_Date, Close_Price, Volume, Data_Source_ID) VALUES (2, '2025-10-24', 4118.4, 123, 101);
INSERT INTO Prices (Asset_ID, Price_Date, Close_Price, Volume, Data_Source_ID) VALUES (3, '2025-10-24', 48.38, 270, 101);
INSERT INTO Prices (Asset_ID, Price_Date, Close_Price, Volume, Data_Source_ID) VALUES (4, '2025-10-24', 671.69, 74356500, 101);
INSERT INTO Prices (Asset_ID, Price_Date, Close_Price, Volume, Data_Source_ID) VALUES (5, '2025-10-24', 50.62, 0, 101);
INSERT INTO Prices (Asset_ID, Price_Date, Close_Price, Volume, Data_Source_ID) VALUES (1, '2025-10-25', 111641.73, 24707667305, 101);
INSERT INTO Prices (Asset_ID, Price_Date, Close_Price, Volume, Data_Source_ID) VALUES (1, '2025-10-26', 114472.45, 41708524143, 101);
INSERT INTO Prices (Asset_ID, Price_Date, Close_Price, Volume, Data_Source_ID) VALUES (1, '2025-10-27', 114119.33, 61761358733, 101);
INSERT INTO Prices (Asset_ID, Price_Date, Close_Price, Volume, Data_Source_ID) VALUES (2, '2025-10-27', 4001.9, 220, 101);
INSERT INTO Prices (Asset_ID, Price_Date, Close_Price, Volume, Data_Source_ID) VALUES (3, '2025-10-27', 46.56, 161, 101);
INSERT INTO Prices (Asset_ID, Price_Date, Close_Price, Volume, Data_Source_ID) VALUES (4, '2025-10-27', 679.61, 63339800, 101);
INSERT INTO Prices (Asset_ID, Price_Date, Close_Price, Volume, Data_Source_ID) VALUES (5, '2025-10-27', 50.99, 0, 101);
INSERT INTO Prices (Asset_ID, Price_Date, Close_Price, Volume, Data_Source_ID) VALUES (1, '2025-10-28', 112956.16, 64528066504, 101);
INSERT INTO Prices (Asset_ID, Price_Date, Close_Price, Volume, Data_Source_ID) VALUES (2, '2025-10-28', 3966.2, 219, 101);
INSERT INTO Prices (Asset_ID, Price_Date, Close_Price, Volume, Data_Source_ID) VALUES (3, '2025-10-28', 47.12, 59, 101);
INSERT INTO Prices (Asset_ID, Price_Date, Close_Price, Volume, Data_Source_ID) VALUES (4, '2025-10-28', 681.41, 61738100, 101);
INSERT INTO Prices (Asset_ID, Price_Date, Close_Price, Volume, Data_Source_ID) VALUES (5, '2025-10-28', 51.04, 0, 101);
INSERT INTO Prices (Asset_ID, Price_Date, Close_Price, Volume, Data_Source_ID) VALUES (1, '2025-10-29', 110055.3, 62192043469, 101);
INSERT INTO Prices (Asset_ID, Price_Date, Close_Price, Volume, Data_Source_ID) VALUES (2, '2025-10-29', 3983.7, 1344, 101);
INSERT INTO Prices (Asset_ID, Price_Date, Close_Price, Volume, Data_Source_ID) VALUES (3, '2025-10-29', 47.72, 545, 101);
INSERT INTO Prices (Asset_ID, Price_Date, Close_Price, Volume, Data_Source_ID) VALUES (4, '2025-10-29', 681.74, 85657100, 101);
INSERT INTO Prices (Asset_ID, Price_Date, Close_Price, Volume, Data_Source_ID) VALUES (5, '2025-10-29', 50.91, 0, 101);
INSERT INTO Prices (Asset_ID, Price_Date, Close_Price, Volume, Data_Source_ID) VALUES (1, '2025-10-30', 108305.55, 69673964814, 101);
INSERT INTO Prices (Asset_ID, Price_Date, Close_Price, Volume, Data_Source_ID) VALUES (2, '2025-10-30', 4001.3, 935, 101);
INSERT INTO Prices (Asset_ID, Price_Date, Close_Price, Volume, Data_Source_ID) VALUES (3, '2025-10-30', 48.43, 370, 101);
INSERT INTO Prices (Asset_ID, Price_Date, Close_Price, Volume, Data_Source_ID) VALUES (4, '2025-10-30', 674.24, 76335800, 101);
INSERT INTO Prices (Asset_ID, Price_Date, Close_Price, Volume, Data_Source_ID) VALUES (5, '2025-10-30', 50.56, 0, 101);
INSERT INTO Prices (Asset_ID, Price_Date, Close_Price, Volume, Data_Source_ID) VALUES (1, '2025-10-31', 109556.16, 60090359560, 101);
INSERT INTO Prices (Asset_ID, Price_Date, Close_Price, Volume, Data_Source_ID) VALUES (2, '2025-10-31', 3982.2, 559, 101);
INSERT INTO Prices (Asset_ID, Price_Date, Close_Price, Volume, Data_Source_ID) VALUES (3, '2025-10-31', 47.99, 484, 101);
INSERT INTO Prices (Asset_ID, Price_Date, Close_Price, Volume, Data_Source_ID) VALUES (4, '2025-10-31', 676.46, 87164100, 101);
INSERT INTO Prices (Asset_ID, Price_Date, Close_Price, Volume, Data_Source_ID) VALUES (5, '2025-10-31', 50.67, 0, 101);
INSERT INTO Prices (Asset_ID, Price_Date, Close_Price, Volume, Data_Source_ID) VALUES (1, '2025-11-01', 110064.02, 25871668762, 101);
INSERT INTO Prices (Asset_ID, Price_Date, Close_Price, Volume, Data_Source_ID) VALUES (1, '2025-11-02', 110639.62, 34284209459, 101);
INSERT INTO Prices (Asset_ID, Price_Date, Close_Price, Volume, Data_Source_ID) VALUES (1, '2025-11-03', 106547.52, 72852006359, 101);
INSERT INTO Prices (Asset_ID, Price_Date, Close_Price, Volume, Data_Source_ID) VALUES (2, '2025-11-03', 4000.3, 0, 101);
INSERT INTO Prices (Asset_ID, Price_Date, Close_Price, Volume, Data_Source_ID) VALUES (3, '2025-11-03', 47.89, 0, 101);
INSERT INTO Prices (Asset_ID, Price_Date, Close_Price, Volume, Data_Source_ID) VALUES (4, '2025-11-03', 677.73, 57315000, 101);
INSERT INTO Prices (Asset_ID, Price_Date, Close_Price, Volume, Data_Source_ID) VALUES (5, '2025-11-03', 50.69, 0, 101);
INSERT INTO Prices (Asset_ID, Price_Date, Close_Price, Volume, Data_Source_ID) VALUES (1, '2025-11-04', 101590.52, 110967184773, 101);
INSERT INTO Prices (Asset_ID, Price_Date, Close_Price, Volume, Data_Source_ID) VALUES (2, '2025-11-04', 3947.7, 657, 101);
INSERT INTO Prices (Asset_ID, Price_Date, Close_Price, Volume, Data_Source_ID) VALUES (3, '2025-11-04', 47.13, 115, 101);
INSERT INTO Prices (Asset_ID, Price_Date, Close_Price, Volume, Data_Source_ID) VALUES (4, '2025-11-04', 669.69, 78427000, 101);
INSERT INTO Prices (Asset_ID, Price_Date, Close_Price, Volume, Data_Source_ID) VALUES (5, '2025-11-04', 50.32, 0, 101);
INSERT INTO Prices (Asset_ID, Price_Date, Close_Price, Volume, Data_Source_ID) VALUES (1, '2025-11-05', 103891.84, 77584934804, 101);
INSERT INTO Prices (Asset_ID, Price_Date, Close_Price, Volume, Data_Source_ID) VALUES (2, '2025-11-05', 3980.3, 559, 101);
INSERT INTO Prices (Asset_ID, Price_Date, Close_Price, Volume, Data_Source_ID) VALUES (3, '2025-11-05', 47.86, 23, 101);
INSERT INTO Prices (Asset_ID, Price_Date, Close_Price, Volume, Data_Source_ID) VALUES (4, '2025-11-05', 672.01, 74402400, 101);
INSERT INTO Prices (Asset_ID, Price_Date, Close_Price, Volume, Data_Source_ID) VALUES (5, '2025-11-05', 50.39, 0, 101);
INSERT INTO Prices (Asset_ID, Price_Date, Close_Price, Volume, Data_Source_ID) VALUES (1, '2025-11-06', 101301.29, 63932752861, 101);
INSERT INTO Prices (Asset_ID, Price_Date, Close_Price, Volume, Data_Source_ID) VALUES (2, '2025-11-06', 3979.9, 650, 101);
INSERT INTO Prices (Asset_ID, Price_Date, Close_Price, Volume, Data_Source_ID) VALUES (3, '2025-11-06', 47.79, 86, 101);
INSERT INTO Prices (Asset_ID, Price_Date, Close_Price, Volume, Data_Source_ID) VALUES (4, '2025-11-06', 664.8, 85035300, 101);
INSERT INTO Prices (Asset_ID, Price_Date, Close_Price, Volume, Data_Source_ID) VALUES (5, '2025-11-06', 50.11, 0, 101);
INSERT INTO Prices (Asset_ID, Price_Date, Close_Price, Volume, Data_Source_ID) VALUES (1, '2025-11-07', 103372.41, 92168030081, 101);
INSERT INTO Prices (Asset_ID, Price_Date, Close_Price, Volume, Data_Source_ID) VALUES (2, '2025-11-07', 3999.4, 245, 101);
INSERT INTO Prices (Asset_ID, Price_Date, Close_Price, Volume, Data_Source_ID) VALUES (3, '2025-11-07', 48.02, 23, 101);
INSERT INTO Prices (Asset_ID, Price_Date, Close_Price, Volume, Data_Source_ID) VALUES (4, '2025-11-07', 665.46, 100592400, 101);
INSERT INTO Prices (Asset_ID, Price_Date, Close_Price, Volume, Data_Source_ID) VALUES (5, '2025-11-07', 50.17, 0, 101);
INSERT INTO Prices (Asset_ID, Price_Date, Close_Price, Volume, Data_Source_ID) VALUES (1, '2025-11-08', 102282.12, 51446691095, 101);
INSERT INTO Prices (Asset_ID, Price_Date, Close_Price, Volume, Data_Source_ID) VALUES (1, '2025-11-09', 104719.64, 59679243013, 101);
INSERT INTO Prices (Asset_ID, Price_Date, Close_Price, Volume, Data_Source_ID) VALUES (1, '2025-11-10', 105996.59, 69585887229, 101);
INSERT INTO Prices (Asset_ID, Price_Date, Close_Price, Volume, Data_Source_ID) VALUES (2, '2025-11-10', 4111.8, 189, 101);
INSERT INTO Prices (Asset_ID, Price_Date, Close_Price, Volume, Data_Source_ID) VALUES (3, '2025-11-10', 50.18, 91, 101);
INSERT INTO Prices (Asset_ID, Price_Date, Close_Price, Volume, Data_Source_ID) VALUES (4, '2025-11-10', 675.84, 75842900, 101);
INSERT INTO Prices (Asset_ID, Price_Date, Close_Price, Volume, Data_Source_ID) VALUES (5, '2025-11-10', 50.62, 0, 101);
INSERT INTO Prices (Asset_ID, Price_Date, Close_Price, Volume, Data_Source_ID) VALUES (1, '2025-11-11', 102997.47, 71130078574, 101);
INSERT INTO Prices (Asset_ID, Price_Date, Close_Price, Volume, Data_Source_ID) VALUES (2, '2025-11-11', 4106.8, 569, 101);
INSERT INTO Prices (Asset_ID, Price_Date, Close_Price, Volume, Data_Source_ID) VALUES (3, '2025-11-11', 50.62, 106, 101);
INSERT INTO Prices (Asset_ID, Price_Date, Close_Price, Volume, Data_Source_ID) VALUES (4, '2025-11-11', 677.39, 58953400, 101);
INSERT INTO Prices (Asset_ID, Price_Date, Close_Price, Volume, Data_Source_ID) VALUES (5, '2025-11-11', 50.73, 0, 101);
INSERT INTO Prices (Asset_ID, Price_Date, Close_Price, Volume, Data_Source_ID) VALUES (1, '2025-11-12', 101663.19, 64347179408, 101);
INSERT INTO Prices (Asset_ID, Price_Date, Close_Price, Volume, Data_Source_ID) VALUES (2, '2025-11-12', 4204.4, 396, 101);
INSERT INTO Prices (Asset_ID, Price_Date, Close_Price, Volume, Data_Source_ID) VALUES (3, '2025-11-12', 53.33, 20, 101);
INSERT INTO Prices (Asset_ID, Price_Date, Close_Price, Volume, Data_Source_ID) VALUES (4, '2025-11-12', 677.76, 62312500, 101);
INSERT INTO Prices (Asset_ID, Price_Date, Close_Price, Volume, Data_Source_ID) VALUES (5, '2025-11-12', 50.75, 0, 101);
INSERT INTO Prices (Asset_ID, Price_Date, Close_Price, Volume, Data_Source_ID) VALUES (1, '2025-11-13', 99697.49, 101546815416, 101);
INSERT INTO Prices (Asset_ID, Price_Date, Close_Price, Volume, Data_Source_ID) VALUES (2, '2025-11-13', 4186.9, 167, 101);
INSERT INTO Prices (Asset_ID, Price_Date, Close_Price, Volume, Data_Source_ID) VALUES (3, '2025-11-13', 53.07, 264, 101);
INSERT INTO Prices (Asset_ID, Price_Date, Close_Price, Volume, Data_Source_ID) VALUES (4, '2025-11-13', 666.52, 103457800, 101);
INSERT INTO Prices (Asset_ID, Price_Date, Close_Price, Volume, Data_Source_ID) VALUES (5, '2025-11-13', 50.14, 0, 101);
INSERT INTO Prices (Asset_ID, Price_Date, Close_Price, Volume, Data_Source_ID) VALUES (1, '2025-11-14', 94397.79, 114346441890, 101);
INSERT INTO Prices (Asset_ID, Price_Date, Close_Price, Volume, Data_Source_ID) VALUES (2, '2025-11-14', 4087.6, 483, 101);
INSERT INTO Prices (Asset_ID, Price_Date, Close_Price, Volume, Data_Source_ID) VALUES (3, '2025-11-14', 50.59, 73, 101);
INSERT INTO Prices (Asset_ID, Price_Date, Close_Price, Volume, Data_Source_ID) VALUES (4, '2025-11-14', 666.41, 96846700, 101);
INSERT INTO Prices (Asset_ID, Price_Date, Close_Price, Volume, Data_Source_ID) VALUES (5, '2025-11-14', 50.11, 0, 101);
INSERT INTO Prices (Asset_ID, Price_Date, Close_Price, Volume, Data_Source_ID) VALUES (1, '2025-11-15', 95549.15, 38500716654, 101);
INSERT INTO Prices (Asset_ID, Price_Date, Close_Price, Volume, Data_Source_ID) VALUES (1, '2025-11-16', 94177.08, 71086235862, 101);
INSERT INTO Prices (Asset_ID, Price_Date, Close_Price, Volume, Data_Source_ID) VALUES (1, '2025-11-17', 92093.88, 94186165724, 101);
INSERT INTO Prices (Asset_ID, Price_Date, Close_Price, Volume, Data_Source_ID) VALUES (2, '2025-11-17', 4068.3, 1552, 101);
INSERT INTO Prices (Asset_ID, Price_Date, Close_Price, Volume, Data_Source_ID) VALUES (3, '2025-11-17', 50.62, 71, 101);
INSERT INTO Prices (Asset_ID, Price_Date, Close_Price, Volume, Data_Source_ID) VALUES (4, '2025-11-17', 660.2, 90456100, 101);
INSERT INTO Prices (Asset_ID, Price_Date, Close_Price, Volume, Data_Source_ID) VALUES (5, '2025-11-17', 49.81, 0, 101);
INSERT INTO Prices (Asset_ID, Price_Date, Close_Price, Volume, Data_Source_ID) VALUES (1, '2025-11-18', 92948.88, 101333569062, 101);
INSERT INTO Prices (Asset_ID, Price_Date, Close_Price, Volume, Data_Source_ID) VALUES (2, '2025-11-18', 4061.3, 1375, 101);
INSERT INTO Prices (Asset_ID, Price_Date, Close_Price, Volume, Data_Source_ID) VALUES (3, '2025-11-18', 50.45, 384, 101);
INSERT INTO Prices (Asset_ID, Price_Date, Close_Price, Volume, Data_Source_ID) VALUES (4, '2025-11-18', 654.66, 114467500, 101);
INSERT INTO Prices (Asset_ID, Price_Date, Close_Price, Volume, Data_Source_ID) VALUES (5, '2025-11-18', 49.61, 0, 101);
INSERT INTO Prices (Asset_ID, Price_Date, Close_Price, Volume, Data_Source_ID) VALUES (1, '2025-11-19', 91465.99, 80350354656, 101);
INSERT INTO Prices (Asset_ID, Price_Date, Close_Price, Volume, Data_Source_ID) VALUES (2, '2025-11-19', 4077.7, 486, 101);
INSERT INTO Prices (Asset_ID, Price_Date, Close_Price, Volume, Data_Source_ID) VALUES (3, '2025-11-19', 50.79, 72, 101);
INSERT INTO Prices (Asset_ID, Price_Date, Close_Price, Volume, Data_Source_ID) VALUES (4, '2025-11-19', 657.19, 94703000, 101);
INSERT INTO Prices (Asset_ID, Price_Date, Close_Price, Volume, Data_Source_ID) VALUES (5, '2025-11-19', 49.71, 0, 101);
INSERT INTO Prices (Asset_ID, Price_Date, Close_Price, Volume, Data_Source_ID) VALUES (1, '2025-11-20', 86631.9, 97970645638, 101);
INSERT INTO Prices (Asset_ID, Price_Date, Close_Price, Volume, Data_Source_ID) VALUES (2, '2025-11-20', 4056.5, 202, 101);
INSERT INTO Prices (Asset_ID, Price_Date, Close_Price, Volume, Data_Source_ID) VALUES (3, '2025-11-20', 50.25, 10, 101);
INSERT INTO Prices (Asset_ID, Price_Date, Close_Price, Volume, Data_Source_ID) VALUES (4, '2025-11-20', 647.17, 165293500, 101);
INSERT INTO Prices (Asset_ID, Price_Date, Close_Price, Volume, Data_Source_ID) VALUES (5, '2025-11-20', 49.26, 0, 101);
INSERT INTO Prices (Asset_ID, Price_Date, Close_Price, Volume, Data_Source_ID) VALUES (1, '2025-11-21', 85090.69, 129157506112, 101);
INSERT INTO Prices (Asset_ID, Price_Date, Close_Price, Volume, Data_Source_ID) VALUES (2, '2025-11-21', 4076.7, 171, 101);
INSERT INTO Prices (Asset_ID, Price_Date, Close_Price, Volume, Data_Source_ID) VALUES (3, '2025-11-21', 49.87, 22, 101);
INSERT INTO Prices (Asset_ID, Price_Date, Close_Price, Volume, Data_Source_ID) VALUES (4, '2025-11-21', 653.61, 123956200, 101);
INSERT INTO Prices (Asset_ID, Price_Date, Close_Price, Volume, Data_Source_ID) VALUES (5, '2025-11-21', 49.62, 0, 101);
INSERT INTO Prices (Asset_ID, Price_Date, Close_Price, Volume, Data_Source_ID) VALUES (1, '2025-11-22', 84648.36, 40793099246, 101);
INSERT INTO Prices (Asset_ID, Price_Date, Close_Price, Volume, Data_Source_ID) VALUES (1, '2025-11-23', 86805.01, 58083435576, 101);
INSERT INTO Prices (Asset_ID, Price_Date, Close_Price, Volume, Data_Source_ID) VALUES (1, '2025-11-24', 88270.56, 74433896110, 101);
INSERT INTO Prices (Asset_ID, Price_Date, Close_Price, Volume, Data_Source_ID) VALUES (2, '2025-11-24', 4091.9, 591, 101);
INSERT INTO Prices (Asset_ID, Price_Date, Close_Price, Volume, Data_Source_ID) VALUES (3, '2025-11-24', 50.29, 35, 101);
INSERT INTO Prices (Asset_ID, Price_Date, Close_Price, Volume, Data_Source_ID) VALUES (4, '2025-11-24', 663.24, 80437900, 101);
INSERT INTO Prices (Asset_ID, Price_Date, Close_Price, Volume, Data_Source_ID) VALUES (5, '2025-11-24', 50.12, 0, 101);
INSERT INTO Prices (Asset_ID, Price_Date, Close_Price, Volume, Data_Source_ID) VALUES (1, '2025-11-25', 87341.89, 64837343545, 101);
INSERT INTO Prices (Asset_ID, Price_Date, Close_Price, Volume, Data_Source_ID) VALUES (2, '2025-11-25', 4139.2, 132704, 101);
INSERT INTO Prices (Asset_ID, Price_Date, Close_Price, Volume, Data_Source_ID) VALUES (3, '2025-11-25', 50.93, 49588, 101);
INSERT INTO Prices (Asset_ID, Price_Date, Close_Price, Volume, Data_Source_ID) VALUES (4, '2025-11-25', 669.47, 81077100, 101);
INSERT INTO Prices (Asset_ID, Price_Date, Close_Price, Volume, Data_Source_ID) VALUES (5, '2025-11-25', 50.49, 0, 101);
INSERT INTO Prices (Asset_ID, Price_Date, Close_Price, Volume, Data_Source_ID) VALUES (1, '2025-11-26', 90518.37, 66496301869, 101);
INSERT INTO Prices (Asset_ID, Price_Date, Close_Price, Volume, Data_Source_ID) VALUES (2, '2025-11-26', 4165.2, 25088, 101);
INSERT INTO Prices (Asset_ID, Price_Date, Close_Price, Volume, Data_Source_ID) VALUES (3, '2025-11-26', 52.92, 14378, 101);
INSERT INTO Prices (Asset_ID, Price_Date, Close_Price, Volume, Data_Source_ID) VALUES (4, '2025-11-26', 674.1, 71879600, 101);
INSERT INTO Prices (Asset_ID, Price_Date, Close_Price, Volume, Data_Source_ID) VALUES (5, '2025-11-26', 50.72, 0, 101);
INSERT INTO Prices (Asset_ID, Price_Date, Close_Price, Volume, Data_Source_ID) VALUES (1, '2025-11-27', 91285.38, 57040622845, 101);
INSERT INTO Prices (Asset_ID, Price_Date, Close_Price, Volume, Data_Source_ID) VALUES (1, '2025-11-28', 90919.27, 60895830289, 101);
INSERT INTO Prices (Asset_ID, Price_Date, Close_Price, Volume, Data_Source_ID) VALUES (2, '2025-11-28', 4218.3, 3615, 101);
INSERT INTO Prices (Asset_ID, Price_Date, Close_Price, Volume, Data_Source_ID) VALUES (3, '2025-11-28', 56.45, 2541, 101);
INSERT INTO Prices (Asset_ID, Price_Date, Close_Price, Volume, Data_Source_ID) VALUES (4, '2025-11-28', 677.77, 49212000, 101);
INSERT INTO Prices (Asset_ID, Price_Date, Close_Price, Volume, Data_Source_ID) VALUES (5, '2025-11-28', 50.88, 0, 101);
INSERT INTO Prices (Asset_ID, Price_Date, Close_Price, Volume, Data_Source_ID) VALUES (1, '2025-11-29', 90851.76, 37921773455, 101);
INSERT INTO Prices (Asset_ID, Price_Date, Close_Price, Volume, Data_Source_ID) VALUES (1, '2025-11-30', 90394.31, 38497902869, 101);
INSERT INTO Prices (Asset_ID, Price_Date, Close_Price, Volume, Data_Source_ID) VALUES (1, '2025-12-01', 86321.57, 87962894424, 101);
INSERT INTO Prices (Asset_ID, Price_Date, Close_Price, Volume, Data_Source_ID) VALUES (2, '2025-12-01', 4239.3, 913, 101);
INSERT INTO Prices (Asset_ID, Price_Date, Close_Price, Volume, Data_Source_ID) VALUES (3, '2025-12-01', 58.42, 994, 101);
INSERT INTO Prices (Asset_ID, Price_Date, Close_Price, Volume, Data_Source_ID) VALUES (4, '2025-12-01', 674.68, 61201200, 101);
INSERT INTO Prices (Asset_ID, Price_Date, Close_Price, Volume, Data_Source_ID) VALUES (5, '2025-12-01', 50.62, 0, 101);
INSERT INTO Prices (Asset_ID, Price_Date, Close_Price, Volume, Data_Source_ID) VALUES (1, '2025-12-02', 91350.2, 78546798211, 101);
INSERT INTO Prices (Asset_ID, Price_Date, Close_Price, Volume, Data_Source_ID) VALUES (2, '2025-12-02', 4186.6, 366, 101);
INSERT INTO Prices (Asset_ID, Price_Date, Close_Price, Volume, Data_Source_ID) VALUES (3, '2025-12-02', 57.98, 392, 101);
INSERT INTO Prices (Asset_ID, Price_Date, Close_Price, Volume, Data_Source_ID) VALUES (4, '2025-12-02', 675.93, 62953800, 101);
INSERT INTO Prices (Asset_ID, Price_Date, Close_Price, Volume, Data_Source_ID) VALUES (5, '2025-12-02', 50.7, 0, 101);
INSERT INTO Prices (Asset_ID, Price_Date, Close_Price, Volume, Data_Source_ID) VALUES (1, '2025-12-03', 93527.8, 77650204986, 101);
INSERT INTO Prices (Asset_ID, Price_Date, Close_Price, Volume, Data_Source_ID) VALUES (2, '2025-12-03', 4199.3, 1897, 101);
INSERT INTO Prices (Asset_ID, Price_Date, Close_Price, Volume, Data_Source_ID) VALUES (3, '2025-12-03', 57.92, 264, 101);
INSERT INTO Prices (Asset_ID, Price_Date, Close_Price, Volume, Data_Source_ID) VALUES (4, '2025-12-03', 678.27, 57238500, 101);
INSERT INTO Prices (Asset_ID, Price_Date, Close_Price, Volume, Data_Source_ID) VALUES (5, '2025-12-03', 50.87, 0, 101);
INSERT INTO Prices (Asset_ID, Price_Date, Close_Price, Volume, Data_Source_ID) VALUES (1, '2025-12-04', 92141.62, 64538402681, 101);
INSERT INTO Prices (Asset_ID, Price_Date, Close_Price, Volume, Data_Source_ID) VALUES (2, '2025-12-04', 4211.8, 616, 101);
INSERT INTO Prices (Asset_ID, Price_Date, Close_Price, Volume, Data_Source_ID) VALUES (3, '2025-12-04', 56.85, 335, 101);
INSERT INTO Prices (Asset_ID, Price_Date, Close_Price, Volume, Data_Source_ID) VALUES (4, '2025-12-04', 678.77, 61970300, 101);
INSERT INTO Prices (Asset_ID, Price_Date, Close_Price, Volume, Data_Source_ID) VALUES (5, '2025-12-04', 50.88, 0, 101);
INSERT INTO Prices (Asset_ID, Price_Date, Close_Price, Volume, Data_Source_ID) VALUES (1, '2025-12-05', 89387.76, 63256398633, 101);
INSERT INTO Prices (Asset_ID, Price_Date, Close_Price, Volume, Data_Source_ID) VALUES (2, '2025-12-05', 4212.9, 533, 101);
INSERT INTO Prices (Asset_ID, Price_Date, Close_Price, Volume, Data_Source_ID) VALUES (3, '2025-12-05', 58.42, 284, 101);
INSERT INTO Prices (Asset_ID, Price_Date, Close_Price, Volume, Data_Source_ID) VALUES (4, '2025-12-05', 680.06, 79241000, 101);
INSERT INTO Prices (Asset_ID, Price_Date, Close_Price, Volume, Data_Source_ID) VALUES (5, '2025-12-05', 50.9, 0, 101);
INSERT INTO Prices (Asset_ID, Price_Date, Close_Price, Volume, Data_Source_ID) VALUES (1, '2025-12-06', 89272.38, 37994042405, 101);
INSERT INTO Prices (Asset_ID, Price_Date, Close_Price, Volume, Data_Source_ID) VALUES (1, '2025-12-07', 90405.64, 47394898960, 101);
INSERT INTO Prices (Asset_ID, Price_Date, Close_Price, Volume, Data_Source_ID) VALUES (1, '2025-12-08', 90640.2, 57394099056, 101);
INSERT INTO Prices (Asset_ID, Price_Date, Close_Price, Volume, Data_Source_ID) VALUES (2, '2025-12-08', 4187.2, 318, 101);
INSERT INTO Prices (Asset_ID, Price_Date, Close_Price, Volume, Data_Source_ID) VALUES (3, '2025-12-08', 57.78, 518, 101);
INSERT INTO Prices (Asset_ID, Price_Date, Close_Price, Volume, Data_Source_ID) VALUES (4, '2025-12-08', 678.01, 55231500, 101);
INSERT INTO Prices (Asset_ID, Price_Date, Close_Price, Volume, Data_Source_ID) VALUES (5, '2025-12-08', 50.77, 0, 101);
INSERT INTO Prices (Asset_ID, Price_Date, Close_Price, Volume, Data_Source_ID) VALUES (1, '2025-12-09', 92691.71, 66861721440, 101);
INSERT INTO Prices (Asset_ID, Price_Date, Close_Price, Volume, Data_Source_ID) VALUES (2, '2025-12-09', 4206.7, 660, 101);
INSERT INTO Prices (Asset_ID, Price_Date, Close_Price, Volume, Data_Source_ID) VALUES (3, '2025-12-09', 60.17, 324, 101);
INSERT INTO Prices (Asset_ID, Price_Date, Close_Price, Volume, Data_Source_ID) VALUES (4, '2025-12-09', 677.43, 58310100, 101);
INSERT INTO Prices (Asset_ID, Price_Date, Close_Price, Volume, Data_Source_ID) VALUES (5, '2025-12-09', 50.72, 0, 101);
INSERT INTO Prices (Asset_ID, Price_Date, Close_Price, Volume, Data_Source_ID) VALUES (1, '2025-12-10', 92020.95, 65420694513, 101);
INSERT INTO Prices (Asset_ID, Price_Date, Close_Price, Volume, Data_Source_ID) VALUES (2, '2025-12-10', 4196.4, 692, 101);
INSERT INTO Prices (Asset_ID, Price_Date, Close_Price, Volume, Data_Source_ID) VALUES (3, '2025-12-10', 60.38, 462, 101);
INSERT INTO Prices (Asset_ID, Price_Date, Close_Price, Volume, Data_Source_ID) VALUES (4, '2025-12-10', 681.92, 85671300, 101);
INSERT INTO Prices (Asset_ID, Price_Date, Close_Price, Volume, Data_Source_ID) VALUES (5, '2025-12-10', 51.02, 0, 101);
INSERT INTO Prices (Asset_ID, Price_Date, Close_Price, Volume, Data_Source_ID) VALUES (1, '2025-12-11', 92511.34, 64532834621, 101);
INSERT INTO Prices (Asset_ID, Price_Date, Close_Price, Volume, Data_Source_ID) VALUES (2, '2025-12-11', 4285.5, 528, 101);
INSERT INTO Prices (Asset_ID, Price_Date, Close_Price, Volume, Data_Source_ID) VALUES (3, '2025-12-11', 63.93, 408, 101);
INSERT INTO Prices (Asset_ID, Price_Date, Close_Price, Volume, Data_Source_ID) VALUES (4, '2025-12-11', 683.51, 86173700, 101);
INSERT INTO Prices (Asset_ID, Price_Date, Close_Price, Volume, Data_Source_ID) VALUES (5, '2025-12-11', 51.11, 0, 101);
INSERT INTO Prices (Asset_ID, Price_Date, Close_Price, Volume, Data_Source_ID) VALUES (1, '2025-12-12', 90270.41, 80275884583, 101);
INSERT INTO Prices (Asset_ID, Price_Date, Close_Price, Volume, Data_Source_ID) VALUES (2, '2025-12-12', 4300.1, 1531, 101);
INSERT INTO Prices (Asset_ID, Price_Date, Close_Price, Volume, Data_Source_ID) VALUES (3, '2025-12-12', 61.36, 435, 101);
INSERT INTO Prices (Asset_ID, Price_Date, Close_Price, Volume, Data_Source_ID) VALUES (4, '2025-12-12', 676.16, 113160300, 101);
INSERT INTO Prices (Asset_ID, Price_Date, Close_Price, Volume, Data_Source_ID) VALUES (5, '2025-12-12', 50.71, 0, 101);
INSERT INTO Prices (Asset_ID, Price_Date, Close_Price, Volume, Data_Source_ID) VALUES (1, '2025-12-13', 90298.71, 64237748110, 101);
INSERT INTO Prices (Asset_ID, Price_Date, Close_Price, Volume, Data_Source_ID) VALUES (1, '2025-12-14', 88175.18, 50465972205, 101);
INSERT INTO Prices (Asset_ID, Price_Date, Close_Price, Volume, Data_Source_ID) VALUES (1, '2025-12-15', 86419.78, 45559514323, 101);
INSERT INTO Prices (Asset_ID, Price_Date, Close_Price, Volume, Data_Source_ID) VALUES (2, '2025-12-15', 4306.7, 854, 101);
INSERT INTO Prices (Asset_ID, Price_Date, Close_Price, Volume, Data_Source_ID) VALUES (3, '2025-12-15', 62.94, 387, 101);
INSERT INTO Prices (Asset_ID, Price_Date, Close_Price, Volume, Data_Source_ID) VALUES (4, '2025-12-15', 675.14, 90811000, 101);
INSERT INTO Prices (Asset_ID, Price_Date, Close_Price, Volume, Data_Source_ID) VALUES (5, '2025-12-15', 50.66, 0, 101);
INSERT INTO Prices (Asset_ID, Price_Date, Close_Price, Volume, Data_Source_ID) VALUES (1, '2025-12-16', 87843.98, 41262178223, 101);
INSERT INTO Prices (Asset_ID, Price_Date, Close_Price, Volume, Data_Source_ID) VALUES (2, '2025-12-16', 4304.5, 1796, 101);
INSERT INTO Prices (Asset_ID, Price_Date, Close_Price, Volume, Data_Source_ID) VALUES (3, '2025-12-16', 62.7, 70, 101);
INSERT INTO Prices (Asset_ID, Price_Date, Close_Price, Volume, Data_Source_ID) VALUES (4, '2025-12-16', 673.29, 122030600, 101);
INSERT INTO Prices (Asset_ID, Price_Date, Close_Price, Volume, Data_Source_ID) VALUES (5, '2025-12-16', 50.62, 0, 101);
INSERT INTO Prices (Asset_ID, Price_Date, Close_Price, Volume, Data_Source_ID) VALUES (1, '2025-12-17', 86143.76, 44243392914, 101);
INSERT INTO Prices (Asset_ID, Price_Date, Close_Price, Volume, Data_Source_ID) VALUES (2, '2025-12-17', 4347.5, 2169, 101);
INSERT INTO Prices (Asset_ID, Price_Date, Close_Price, Volume, Data_Source_ID) VALUES (3, '2025-12-17', 66.24, 233, 101);
INSERT INTO Prices (Asset_ID, Price_Date, Close_Price, Volume, Data_Source_ID) VALUES (4, '2025-12-17', 665.88, 110625200, 101);
INSERT INTO Prices (Asset_ID, Price_Date, Close_Price, Volume, Data_Source_ID) VALUES (5, '2025-12-17', 50.27, 0, 101);
INSERT INTO Prices (Asset_ID, Price_Date, Close_Price, Volume, Data_Source_ID) VALUES (1, '2025-12-18', 85462.51, 52667115348, 101);
INSERT INTO Prices (Asset_ID, Price_Date, Close_Price, Volume, Data_Source_ID) VALUES (2, '2025-12-18', 4339.5, 705, 101);
INSERT INTO Prices (Asset_ID, Price_Date, Close_Price, Volume, Data_Source_ID) VALUES (3, '2025-12-18', 64.59, 118, 101);
INSERT INTO Prices (Asset_ID, Price_Date, Close_Price, Volume, Data_Source_ID) VALUES (4, '2025-12-18', 670.91, 108650100, 101);
INSERT INTO Prices (Asset_ID, Price_Date, Close_Price, Volume, Data_Source_ID) VALUES (5, '2025-12-18', 50.55, 0, 101);
INSERT INTO Prices (Asset_ID, Price_Date, Close_Price, Volume, Data_Source_ID) VALUES (1, '2025-12-19', 88103.38, 46733310561, 101);
INSERT INTO Prices (Asset_ID, Price_Date, Close_Price, Volume, Data_Source_ID) VALUES (2, '2025-12-19', 4361.4, 1065, 101);
INSERT INTO Prices (Asset_ID, Price_Date, Close_Price, Volume, Data_Source_ID) VALUES (3, '2025-12-19', 66.85, 144, 101);
INSERT INTO Prices (Asset_ID, Price_Date, Close_Price, Volume, Data_Source_ID) VALUES (4, '2025-12-19', 676.99, 103599500, 101);
INSERT INTO Prices (Asset_ID, Price_Date, Close_Price, Volume, Data_Source_ID) VALUES (5, '2025-12-19', 50.79, 0, 101);
INSERT INTO Prices (Asset_ID, Price_Date, Close_Price, Volume, Data_Source_ID) VALUES (1, '2025-12-20', 88344.0, 14688196659, 101);
INSERT INTO Prices (Asset_ID, Price_Date, Close_Price, Volume, Data_Source_ID) VALUES (1, '2025-12-21', 88621.75, 19845522660, 101);
INSERT INTO Prices (Asset_ID, Price_Date, Close_Price, Volume, Data_Source_ID) VALUES (1, '2025-12-22', 88490.02, 38047472118, 101);
INSERT INTO Prices (Asset_ID, Price_Date, Close_Price, Volume, Data_Source_ID) VALUES (2, '2025-12-22', 4444.6, 449, 101);
INSERT INTO Prices (Asset_ID, Price_Date, Close_Price, Volume, Data_Source_ID) VALUES (3, '2025-12-22', 67.91, 130, 101);
INSERT INTO Prices (Asset_ID, Price_Date, Close_Price, Volume, Data_Source_ID) VALUES (4, '2025-12-22', 681.21, 69556700, 101);
INSERT INTO Prices (Asset_ID, Price_Date, Close_Price, Volume, Data_Source_ID) VALUES (5, '2025-12-22', 51.01, 0, 101);
INSERT INTO Prices (Asset_ID, Price_Date, Close_Price, Volume, Data_Source_ID) VALUES (1, '2025-12-23', 87414.0, 43683011533, 101);
INSERT INTO Prices (Asset_ID, Price_Date, Close_Price, Volume, Data_Source_ID) VALUES (2, '2025-12-23', 4482.8, 694, 101);
INSERT INTO Prices (Asset_ID, Price_Date, Close_Price, Volume, Data_Source_ID) VALUES (3, '2025-12-23', 70.49, 40, 101);
INSERT INTO Prices (Asset_ID, Price_Date, Close_Price, Volume, Data_Source_ID) VALUES (4, '2025-12-23', 684.32, 64840000, 101);
INSERT INTO Prices (Asset_ID, Price_Date, Close_Price, Volume, Data_Source_ID) VALUES (5, '2025-12-23', 51.12, 0, 101);
INSERT INTO Prices (Asset_ID, Price_Date, Close_Price, Volume, Data_Source_ID) VALUES (1, '2025-12-24', 87611.96, 25550297986, 101);
INSERT INTO Prices (Asset_ID, Price_Date, Close_Price, Volume, Data_Source_ID) VALUES (2, '2025-12-24', 4480.6, 500, 101);
INSERT INTO Prices (Asset_ID, Price_Date, Close_Price, Volume, Data_Source_ID) VALUES (3, '2025-12-24', 71.03, 35, 101);
INSERT INTO Prices (Asset_ID, Price_Date, Close_Price, Volume, Data_Source_ID) VALUES (4, '2025-12-24', 686.73, 39445600, 101);
INSERT INTO Prices (Asset_ID, Price_Date, Close_Price, Volume, Data_Source_ID) VALUES (5, '2025-12-24', 51.25, 0, 101);
INSERT INTO Prices (Asset_ID, Price_Date, Close_Price, Volume, Data_Source_ID) VALUES (1, '2025-12-25', 87234.74, 19953216347, 101);
INSERT INTO Prices (Asset_ID, Price_Date, Close_Price, Volume, Data_Source_ID) VALUES (1, '2025-12-26', 87301.43, 42455674908, 101);
INSERT INTO Prices (Asset_ID, Price_Date, Close_Price, Volume, Data_Source_ID) VALUES (2, '2025-12-26', 4529.1, 263, 101);
INSERT INTO Prices (Asset_ID, Price_Date, Close_Price, Volume, Data_Source_ID) VALUES (3, '2025-12-26', 76.49, 140, 101);
INSERT INTO Prices (Asset_ID, Price_Date, Close_Price, Volume, Data_Source_ID) VALUES (4, '2025-12-26', 686.66, 41613300, 101);
INSERT INTO Prices (Asset_ID, Price_Date, Close_Price, Volume, Data_Source_ID) VALUES (5, '2025-12-26', 51.24, 0, 101);
INSERT INTO Prices (Asset_ID, Price_Date, Close_Price, Volume, Data_Source_ID) VALUES (1, '2025-12-27', 87802.16, 13741199310, 101);
INSERT INTO Prices (Asset_ID, Price_Date, Close_Price, Volume, Data_Source_ID) VALUES (1, '2025-12-28', 87835.84, 15156557929, 101);
INSERT INTO Prices (Asset_ID, Price_Date, Close_Price, Volume, Data_Source_ID) VALUES (1, '2025-12-29', 87138.14, 48411625849, 101);
INSERT INTO Prices (Asset_ID, Price_Date, Close_Price, Volume, Data_Source_ID) VALUES (2, '2025-12-29', 4325.1, 2044, 101);
INSERT INTO Prices (Asset_ID, Price_Date, Close_Price, Volume, Data_Source_ID) VALUES (3, '2025-12-29', 69.86, 1608, 101);
INSERT INTO Prices (Asset_ID, Price_Date, Close_Price, Volume, Data_Source_ID) VALUES (4, '2025-12-29', 684.21, 62559500, 101);
INSERT INTO Prices (Asset_ID, Price_Date, Close_Price, Volume, Data_Source_ID) VALUES (5, '2025-12-29', 51.15, 0, 101);
INSERT INTO Prices (Asset_ID, Price_Date, Close_Price, Volume, Data_Source_ID) VALUES (1, '2025-12-30', 88430.13, 35586356225, 101);
INSERT INTO Prices (Asset_ID, Price_Date, Close_Price, Volume, Data_Source_ID) VALUES (2, '2025-12-30', 4370.1, 1837, 101);
INSERT INTO Prices (Asset_ID, Price_Date, Close_Price, Volume, Data_Source_ID) VALUES (3, '2025-12-30', 77.37, 992, 101);
INSERT INTO Prices (Asset_ID, Price_Date, Close_Price, Volume, Data_Source_ID) VALUES (4, '2025-12-30', 683.38, 47160700, 101);
INSERT INTO Prices (Asset_ID, Price_Date, Close_Price, Volume, Data_Source_ID) VALUES (5, '2025-12-30', 51.1, 0, 101);
INSERT INTO Prices (Asset_ID, Price_Date, Close_Price, Volume, Data_Source_ID) VALUES (1, '2025-12-31', 87508.83, 33830210616, 101);
INSERT INTO Prices (Asset_ID, Price_Date, Close_Price, Volume, Data_Source_ID) VALUES (2, '2025-12-31', 4325.6, 785, 101);
INSERT INTO Prices (Asset_ID, Price_Date, Close_Price, Volume, Data_Source_ID) VALUES (3, '2025-12-31', 70.13, 343, 101);
INSERT INTO Prices (Asset_ID, Price_Date, Close_Price, Volume, Data_Source_ID) VALUES (4, '2025-12-31', 678.32, 74144800, 101);
INSERT INTO Prices (Asset_ID, Price_Date, Close_Price, Volume, Data_Source_ID) VALUES (5, '2025-12-31', 50.82, 0, 101);
INSERT INTO Prices (Asset_ID, Price_Date, Close_Price, Volume, Data_Source_ID) VALUES (1, '2026-01-01', 88731.98, 18849043990, 101);
INSERT INTO Prices (Asset_ID, Price_Date, Close_Price, Volume, Data_Source_ID) VALUES (1, '2026-01-02', 89944.7, 46398906171, 101);
INSERT INTO Prices (Asset_ID, Price_Date, Close_Price, Volume, Data_Source_ID) VALUES (2, '2026-01-02', 4314.4, 589, 101);
INSERT INTO Prices (Asset_ID, Price_Date, Close_Price, Volume, Data_Source_ID) VALUES (3, '2026-01-02', 70.56, 602, 101);
INSERT INTO Prices (Asset_ID, Price_Date, Close_Price, Volume, Data_Source_ID) VALUES (4, '2026-01-02', 679.56, 89377200, 101);
INSERT INTO Prices (Asset_ID, Price_Date, Close_Price, Volume, Data_Source_ID) VALUES (5, '2026-01-02', 50.9, 0, 101);
INSERT INTO Prices (Asset_ID, Price_Date, Close_Price, Volume, Data_Source_ID) VALUES (1, '2026-01-03', 90603.19, 20774828592, 101);
INSERT INTO Prices (Asset_ID, Price_Date, Close_Price, Volume, Data_Source_ID) VALUES (1, '2026-01-04', 91413.49, 26770491368, 101);
INSERT INTO Prices (Asset_ID, Price_Date, Close_Price, Volume, Data_Source_ID) VALUES (1, '2026-01-05', 93882.55, 53376407252, 101);
INSERT INTO Prices (Asset_ID, Price_Date, Close_Price, Volume, Data_Source_ID) VALUES (2, '2026-01-05', 4436.9, 618, 101);
INSERT INTO Prices (Asset_ID, Price_Date, Close_Price, Volume, Data_Source_ID) VALUES (3, '2026-01-05', 76.16, 883, 101);
INSERT INTO Prices (Asset_ID, Price_Date, Close_Price, Volume, Data_Source_ID) VALUES (4, '2026-01-05', 684.08, 71927200, 101);
INSERT INTO Prices (Asset_ID, Price_Date, Close_Price, Volume, Data_Source_ID) VALUES (5, '2026-01-05', 51.16, 0, 101);
INSERT INTO Prices (Asset_ID, Price_Date, Close_Price, Volume, Data_Source_ID) VALUES (1, '2026-01-06', 93729.03, 52430605257, 101);
INSERT INTO Prices (Asset_ID, Price_Date, Close_Price, Volume, Data_Source_ID) VALUES (2, '2026-01-06', 4482.2, 459, 101);
INSERT INTO Prices (Asset_ID, Price_Date, Close_Price, Volume, Data_Source_ID) VALUES (3, '2026-01-06', 80.53, 580, 101);
INSERT INTO Prices (Asset_ID, Price_Date, Close_Price, Volume, Data_Source_ID) VALUES (4, '2026-01-06', 688.15, 69273800, 101);
INSERT INTO Prices (Asset_ID, Price_Date, Close_Price, Volume, Data_Source_ID) VALUES (5, '2026-01-06', 51.39, 0, 101);
INSERT INTO Prices (Asset_ID, Price_Date, Close_Price, Volume, Data_Source_ID) VALUES (1, '2026-01-07', 91308.05, 43461295053, 101);
INSERT INTO Prices (Asset_ID, Price_Date, Close_Price, Volume, Data_Source_ID) VALUES (2, '2026-01-07', 4449.3, 972, 101);
INSERT INTO Prices (Asset_ID, Price_Date, Close_Price, Volume, Data_Source_ID) VALUES (3, '2026-01-07', 77.14, 2093, 101);
INSERT INTO Prices (Asset_ID, Price_Date, Close_Price, Volume, Data_Source_ID) VALUES (4, '2026-01-07', 685.93, 75588300, 101);
INSERT INTO Prices (Asset_ID, Price_Date, Close_Price, Volume, Data_Source_ID) VALUES (5, '2026-01-07', 51.3, 0, 101);
INSERT INTO Prices (Asset_ID, Price_Date, Close_Price, Volume, Data_Source_ID) VALUES (1, '2026-01-08', 91027.12, 42386697030, 101);
INSERT INTO Prices (Asset_ID, Price_Date, Close_Price, Volume, Data_Source_ID) VALUES (2, '2026-01-08', 4449.7, 2423, 101);
INSERT INTO Prices (Asset_ID, Price_Date, Close_Price, Volume, Data_Source_ID) VALUES (3, '2026-01-08', 74.72, 1447, 101);
INSERT INTO Prices (Asset_ID, Price_Date, Close_Price, Volume, Data_Source_ID) VALUES (4, '2026-01-08', 685.87, 64019200, 101);
INSERT INTO Prices (Asset_ID, Price_Date, Close_Price, Volume, Data_Source_ID) VALUES (5, '2026-01-08', 51.27, 0, 101);
INSERT INTO Prices (Asset_ID, Price_Date, Close_Price, Volume, Data_Source_ID) VALUES (1, '2026-01-09', 90513.1, 38305906684, 101);
INSERT INTO Prices (Asset_ID, Price_Date, Close_Price, Volume, Data_Source_ID) VALUES (2, '2026-01-09', 4490.3, 237, 101);
INSERT INTO Prices (Asset_ID, Price_Date, Close_Price, Volume, Data_Source_ID) VALUES (3, '2026-01-09', 78.88, 254, 101);
INSERT INTO Prices (Asset_ID, Price_Date, Close_Price, Volume, Data_Source_ID) VALUES (4, '2026-01-09', 690.4, 80125500, 101);
INSERT INTO Prices (Asset_ID, Price_Date, Close_Price, Volume, Data_Source_ID) VALUES (5, '2026-01-09', 51.52, 0, 101);
INSERT INTO Prices (Asset_ID, Price_Date, Close_Price, Volume, Data_Source_ID) VALUES (1, '2026-01-10', 90386.65, 12385895282, 101);
INSERT INTO Prices (Asset_ID, Price_Date, Close_Price, Volume, Data_Source_ID) VALUES (1, '2026-01-11', 90827.46, 17165568977, 101);
INSERT INTO Prices (Asset_ID, Price_Date, Close_Price, Volume, Data_Source_ID) VALUES (1, '2026-01-12', 91192.99, 41346275358, 101);
INSERT INTO Prices (Asset_ID, Price_Date, Close_Price, Volume, Data_Source_ID) VALUES (2, '2026-01-12', 4604.3, 156, 101);
INSERT INTO Prices (Asset_ID, Price_Date, Close_Price, Volume, Data_Source_ID) VALUES (3, '2026-01-12', 84.61, 575, 101);
INSERT INTO Prices (Asset_ID, Price_Date, Close_Price, Volume, Data_Source_ID) VALUES (4, '2026-01-12', 691.49, 63976000, 101);
INSERT INTO Prices (Asset_ID, Price_Date, Close_Price, Volume, Data_Source_ID) VALUES (5, '2026-01-12', 51.57, 0, 101);
INSERT INTO Prices (Asset_ID, Price_Date, Close_Price, Volume, Data_Source_ID) VALUES (1, '2026-01-13', 95321.78, 54980674354, 101);
INSERT INTO Prices (Asset_ID, Price_Date, Close_Price, Volume, Data_Source_ID) VALUES (2, '2026-01-13', 4589.2, 239, 101);
INSERT INTO Prices (Asset_ID, Price_Date, Close_Price, Volume, Data_Source_ID) VALUES (3, '2026-01-13', 85.88, 341, 101);
INSERT INTO Prices (Asset_ID, Price_Date, Close_Price, Volume, Data_Source_ID) VALUES (4, '2026-01-13', 690.1, 78309700, 101);
INSERT INTO Prices (Asset_ID, Price_Date, Close_Price, Volume, Data_Source_ID) VALUES (5, '2026-01-13', 51.53, 0, 101);
INSERT INTO Prices (Asset_ID, Price_Date, Close_Price, Volume, Data_Source_ID) VALUES (1, '2026-01-14', 96929.33, 60592490863, 101);
INSERT INTO Prices (Asset_ID, Price_Date, Close_Price, Volume, Data_Source_ID) VALUES (2, '2026-01-14', 4626.3, 1313, 101);
INSERT INTO Prices (Asset_ID, Price_Date, Close_Price, Volume, Data_Source_ID) VALUES (3, '2026-01-14', 90.87, 470, 101);
INSERT INTO Prices (Asset_ID, Price_Date, Close_Price, Volume, Data_Source_ID) VALUES (4, '2026-01-14', 686.71, 94676700, 101);
INSERT INTO Prices (Asset_ID, Price_Date, Close_Price, Volume, Data_Source_ID) VALUES (5, '2026-01-14', 51.42, 0, 101);
INSERT INTO Prices (Asset_ID, Price_Date, Close_Price, Volume, Data_Source_ID) VALUES (1, '2026-01-15', 95551.19, 53086363027, 101);
INSERT INTO Prices (Asset_ID, Price_Date, Close_Price, Volume, Data_Source_ID) VALUES (2, '2026-01-15', 4616.3, 4358, 101);
INSERT INTO Prices (Asset_ID, Price_Date, Close_Price, Volume, Data_Source_ID) VALUES (3, '2026-01-15', 91.88, 390, 101);
INSERT INTO Prices (Asset_ID, Price_Date, Close_Price, Volume, Data_Source_ID) VALUES (4, '2026-01-15', 688.58, 77862000, 101);
INSERT INTO Prices (Asset_ID, Price_Date, Close_Price, Volume, Data_Source_ID) VALUES (5, '2026-01-15', 51.5, 0, 101);
INSERT INTO Prices (Asset_ID, Price_Date, Close_Price, Volume, Data_Source_ID) VALUES (1, '2026-01-16', 95525.12, 33248170537, 101);
INSERT INTO Prices (Asset_ID, Price_Date, Close_Price, Volume, Data_Source_ID) VALUES (2, '2026-01-16', 4588.4, 352, 101);
INSERT INTO Prices (Asset_ID, Price_Date, Close_Price, Volume, Data_Source_ID) VALUES (3, '2026-01-16', 88.09, 685, 101);
INSERT INTO Prices (Asset_ID, Price_Date, Close_Price, Volume, Data_Source_ID) VALUES (4, '2026-01-16', 688.0, 79289200, 101);
INSERT INTO Prices (Asset_ID, Price_Date, Close_Price, Volume, Data_Source_ID) VALUES (5, '2026-01-16', 51.44, 0, 101);
INSERT INTO Prices (Asset_ID, Price_Date, Close_Price, Volume, Data_Source_ID) VALUES (1, '2026-01-17', 95099.92, 16021715122, 101);
INSERT INTO Prices (Asset_ID, Price_Date, Close_Price, Volume, Data_Source_ID) VALUES (1, '2026-01-18', 93634.43, 20809781232, 101);
INSERT INTO Prices (Asset_ID, Price_Date, Close_Price, Volume, Data_Source_ID) VALUES (1, '2026-01-19', 92553.59, 39195241508, 101);
INSERT INTO Prices (Asset_ID, Price_Date, Close_Price, Volume, Data_Source_ID) VALUES (1, '2026-01-20', 88310.91, 53072968031, 101);
INSERT INTO Prices (Asset_ID, Price_Date, Close_Price, Volume, Data_Source_ID) VALUES (2, '2026-01-20', 4759.6, 175, 101);
INSERT INTO Prices (Asset_ID, Price_Date, Close_Price, Volume, Data_Source_ID) VALUES (3, '2026-01-20', 94.21, 543, 101);
INSERT INTO Prices (Asset_ID, Price_Date, Close_Price, Volume, Data_Source_ID) VALUES (4, '2026-01-20', 674.0, 111623300, 101);
INSERT INTO Prices (Asset_ID, Price_Date, Close_Price, Volume, Data_Source_ID) VALUES (5, '2026-01-20', 50.75, 0, 101);
INSERT INTO Prices (Asset_ID, Price_Date, Close_Price, Volume, Data_Source_ID) VALUES (1, '2026-01-21', 89376.96, 56330422434, 101);
INSERT INTO Prices (Asset_ID, Price_Date, Close_Price, Volume, Data_Source_ID) VALUES (2, '2026-01-21', 4831.8, 1706, 101);
INSERT INTO Prices (Asset_ID, Price_Date, Close_Price, Volume, Data_Source_ID) VALUES (3, '2026-01-21', 92.21, 231, 101);
INSERT INTO Prices (Asset_ID, Price_Date, Close_Price, Volume, Data_Source_ID) VALUES (4, '2026-01-21', 681.78, 127844500, 101);
INSERT INTO Prices (Asset_ID, Price_Date, Close_Price, Volume, Data_Source_ID) VALUES (5, '2026-01-21', 51.17, 0, 101);
INSERT INTO Prices (Asset_ID, Price_Date, Close_Price, Volume, Data_Source_ID) VALUES (1, '2026-01-22', 89462.45, 35549685694, 101);
INSERT INTO Prices (Asset_ID, Price_Date, Close_Price, Volume, Data_Source_ID) VALUES (2, '2026-01-22', 4908.8, 1175, 101);
INSERT INTO Prices (Asset_ID, Price_Date, Close_Price, Volume, Data_Source_ID) VALUES (3, '2026-01-22', 95.98, 548, 101);
INSERT INTO Prices (Asset_ID, Price_Date, Close_Price, Volume, Data_Source_ID) VALUES (4, '2026-01-22', 685.34, 77112200, 101);
INSERT INTO Prices (Asset_ID, Price_Date, Close_Price, Volume, Data_Source_ID) VALUES (5, '2026-01-22', 51.36, 0, 101);
INSERT INTO Prices (Asset_ID, Price_Date, Close_Price, Volume, Data_Source_ID) VALUES (1, '2026-01-23', 89503.88, 38997586037, 101);
INSERT INTO Prices (Asset_ID, Price_Date, Close_Price, Volume, Data_Source_ID) VALUES (2, '2026-01-23', 4976.2, 169, 101);
INSERT INTO Prices (Asset_ID, Price_Date, Close_Price, Volume, Data_Source_ID) VALUES (3, '2026-01-23', 100.93, 283, 101);
INSERT INTO Prices (Asset_ID, Price_Date, Close_Price, Volume, Data_Source_ID) VALUES (4, '2026-01-23', 685.59, 63059600, 101);
INSERT INTO Prices (Asset_ID, Price_Date, Close_Price, Volume, Data_Source_ID) VALUES (5, '2026-01-23', 51.34, 0, 101);
INSERT INTO Prices (Asset_ID, Price_Date, Close_Price, Volume, Data_Source_ID) VALUES (1, '2026-01-24', 89110.73, 14558687712, 101);
INSERT INTO Prices (Asset_ID, Price_Date, Close_Price, Volume, Data_Source_ID) VALUES (1, '2026-01-25', 86572.22, 36124986722, 101);
INSERT INTO Prices (Asset_ID, Price_Date, Close_Price, Volume, Data_Source_ID) VALUES (1, '2026-01-26', 88267.14, 45329286974, 101);
INSERT INTO Prices (Asset_ID, Price_Date, Close_Price, Volume, Data_Source_ID) VALUES (2, '2026-01-26', 5079.7, 180, 101);
INSERT INTO Prices (Asset_ID, Price_Date, Close_Price, Volume, Data_Source_ID) VALUES (3, '2026-01-26', 115.08, 537, 101);
INSERT INTO Prices (Asset_ID, Price_Date, Close_Price, Volume, Data_Source_ID) VALUES (4, '2026-01-26', 689.07, 60473800, 101);
INSERT INTO Prices (Asset_ID, Price_Date, Close_Price, Volume, Data_Source_ID) VALUES (5, '2026-01-26', 51.5, 0, 101);
INSERT INTO Prices (Asset_ID, Price_Date, Close_Price, Volume, Data_Source_ID) VALUES (1, '2026-01-27', 89102.57, 38744942267, 101);
INSERT INTO Prices (Asset_ID, Price_Date, Close_Price, Volume, Data_Source_ID) VALUES (2, '2026-01-27', 5079.9, 34, 101);
INSERT INTO Prices (Asset_ID, Price_Date, Close_Price, Volume, Data_Source_ID) VALUES (3, '2026-01-27', 105.52, 131, 101);
INSERT INTO Prices (Asset_ID, Price_Date, Close_Price, Volume, Data_Source_ID) VALUES (4, '2026-01-27', 691.81, 55506100, 101);
INSERT INTO Prices (Asset_ID, Price_Date, Close_Price, Volume, Data_Source_ID) VALUES (5, '2026-01-27', 51.61, 0, 101);
INSERT INTO Prices (Asset_ID, Price_Date, Close_Price, Volume, Data_Source_ID) VALUES (1, '2026-01-28', 89184.57, 39807419296, 101);
INSERT INTO Prices (Asset_ID, Price_Date, Close_Price, Volume, Data_Source_ID) VALUES (2, '2026-01-28', 5301.6, 112054, 101);
INSERT INTO Prices (Asset_ID, Price_Date, Close_Price, Volume, Data_Source_ID) VALUES (3, '2026-01-28', 113.11, 1436, 101);
INSERT INTO Prices (Asset_ID, Price_Date, Close_Price, Volume, Data_Source_ID) VALUES (4, '2026-01-28', 691.74, 61172200, 101);
INSERT INTO Prices (Asset_ID, Price_Date, Close_Price, Volume, Data_Source_ID) VALUES (5, '2026-01-28', 51.58, 0, 101);
INSERT INTO Prices (Asset_ID, Price_Date, Close_Price, Volume, Data_Source_ID) VALUES (1, '2026-01-29', 84561.59, 64653083162, 101);
INSERT INTO Prices (Asset_ID, Price_Date, Close_Price, Volume, Data_Source_ID) VALUES (2, '2026-01-29', 5318.4, 23709, 101);
INSERT INTO Prices (Asset_ID, Price_Date, Close_Price, Volume, Data_Source_ID) VALUES (3, '2026-01-29', 114.04, 1261, 101);
INSERT INTO Prices (Asset_ID, Price_Date, Close_Price, Volume, Data_Source_ID) VALUES (4, '2026-01-29', 690.37, 97486200, 101);
INSERT INTO Prices (Asset_ID, Price_Date, Close_Price, Volume, Data_Source_ID) VALUES (5, '2026-01-29', 51.53, 0, 101);
INSERT INTO Prices (Asset_ID, Price_Date, Close_Price, Volume, Data_Source_ID) VALUES (1, '2026-01-30', 84128.66, 72083816087, 101);
INSERT INTO Prices (Asset_ID, Price_Date, Close_Price, Volume, Data_Source_ID) VALUES (2, '2026-01-30', 4713.9, 8374, 101);
INSERT INTO Prices (Asset_ID, Price_Date, Close_Price, Volume, Data_Source_ID) VALUES (3, '2026-01-30', 78.29, 841, 101);
INSERT INTO Prices (Asset_ID, Price_Date, Close_Price, Volume, Data_Source_ID) VALUES (4, '2026-01-30', 688.31, 101835100, 101);
INSERT INTO Prices (Asset_ID, Price_Date, Close_Price, Volume, Data_Source_ID) VALUES (5, '2026-01-30', 51.34, 0, 101);
INSERT INTO Prices (Asset_ID, Price_Date, Close_Price, Volume, Data_Source_ID) VALUES (1, '2026-01-31', 78621.12, 70479259159, 101);
INSERT INTO Prices (Asset_ID, Price_Date, Close_Price, Volume, Data_Source_ID) VALUES (1, '2026-02-01', 76974.45, 53372509744, 101);
INSERT INTO Prices (Asset_ID, Price_Date, Close_Price, Volume, Data_Source_ID) VALUES (1, '2026-02-02', 78688.77, 75140589684, 101);
INSERT INTO Prices (Asset_ID, Price_Date, Close_Price, Volume, Data_Source_ID) VALUES (2, '2026-02-02', 4622.5, 3588, 101);
INSERT INTO Prices (Asset_ID, Price_Date, Close_Price, Volume, Data_Source_ID) VALUES (3, '2026-02-02', 76.78, 388, 101);
INSERT INTO Prices (Asset_ID, Price_Date, Close_Price, Volume, Data_Source_ID) VALUES (4, '2026-02-02', 691.73, 79286500, 101);
INSERT INTO Prices (Asset_ID, Price_Date, Close_Price, Volume, Data_Source_ID) VALUES (5, '2026-02-02', 51.5, 0, 101);
INSERT INTO Prices (Asset_ID, Price_Date, Close_Price, Volume, Data_Source_ID) VALUES (1, '2026-02-03', 75633.55, 68249110822, 101);
INSERT INTO Prices (Asset_ID, Price_Date, Close_Price, Volume, Data_Source_ID) VALUES (2, '2026-02-03', 4903.7, 1213, 101);
INSERT INTO Prices (Asset_ID, Price_Date, Close_Price, Volume, Data_Source_ID) VALUES (3, '2026-02-03', 83.04, 840, 101);
INSERT INTO Prices (Asset_ID, Price_Date, Close_Price, Volume, Data_Source_ID) VALUES (4, '2026-02-03', 685.89, 107904600, 101);
INSERT INTO Prices (Asset_ID, Price_Date, Close_Price, Volume, Data_Source_ID) VALUES (5, '2026-02-03', 51.26, 0, 101);
INSERT INTO Prices (Asset_ID, Price_Date, Close_Price, Volume, Data_Source_ID) VALUES (1, '2026-02-04', 73019.7, 67215363944, 101);
INSERT INTO Prices (Asset_ID, Price_Date, Close_Price, Volume, Data_Source_ID) VALUES (2, '2026-02-04', 4920.4, 3886, 101);
INSERT INTO Prices (Asset_ID, Price_Date, Close_Price, Volume, Data_Source_ID) VALUES (3, '2026-02-04', 84.17, 158, 101);
INSERT INTO Prices (Asset_ID, Price_Date, Close_Price, Volume, Data_Source_ID) VALUES (4, '2026-02-04', 682.56, 105204600, 101);
INSERT INTO Prices (Asset_ID, Price_Date, Close_Price, Volume, Data_Source_ID) VALUES (5, '2026-02-04', 51.11, 0, 101);
INSERT INTO Prices (Asset_ID, Price_Date, Close_Price, Volume, Data_Source_ID) VALUES (1, '2026-02-05', 62702.1, 125509410908, 101);
INSERT INTO Prices (Asset_ID, Price_Date, Close_Price, Volume, Data_Source_ID) VALUES (2, '2026-02-05', 4861.4, 793, 101);
INSERT INTO Prices (Asset_ID, Price_Date, Close_Price, Volume, Data_Source_ID) VALUES (3, '2026-02-05', 76.53, 422, 101);
INSERT INTO Prices (Asset_ID, Price_Date, Close_Price, Volume, Data_Source_ID) VALUES (4, '2026-02-05', 674.04, 113610800, 101);
INSERT INTO Prices (Asset_ID, Price_Date, Close_Price, Volume, Data_Source_ID) VALUES (5, '2026-02-05', 50.79, 0, 101);
INSERT INTO Prices (Asset_ID, Price_Date, Close_Price, Volume, Data_Source_ID) VALUES (1, '2026-02-06', 70555.39, 114674259489, 101);
INSERT INTO Prices (Asset_ID, Price_Date, Close_Price, Volume, Data_Source_ID) VALUES (2, '2026-02-06', 4951.2, 1386, 101);
INSERT INTO Prices (Asset_ID, Price_Date, Close_Price, Volume, Data_Source_ID) VALUES (3, '2026-02-06', 76.74, 118, 101);
INSERT INTO Prices (Asset_ID, Price_Date, Close_Price, Volume, Data_Source_ID) VALUES (4, '2026-02-06', 686.97, 89127600, 101);
INSERT INTO Prices (Asset_ID, Price_Date, Close_Price, Volume, Data_Source_ID) VALUES (5, '2026-02-06', 51.45, 0, 101);
INSERT INTO Prices (Asset_ID, Price_Date, Close_Price, Volume, Data_Source_ID) VALUES (1, '2026-02-07', 69281.97, 62347107663, 101);
INSERT INTO Prices (Asset_ID, Price_Date, Close_Price, Volume, Data_Source_ID) VALUES (1, '2026-02-08', 70264.73, 39721722619, 101);
INSERT INTO Prices (Asset_ID, Price_Date, Close_Price, Volume, Data_Source_ID) VALUES (1, '2026-02-09', 70120.78, 52081598792, 101);
INSERT INTO Prices (Asset_ID, Price_Date, Close_Price, Volume, Data_Source_ID) VALUES (2, '2026-02-09', 5050.9, 170, 101);
INSERT INTO Prices (Asset_ID, Price_Date, Close_Price, Volume, Data_Source_ID) VALUES (3, '2026-02-09', 82.07, 443, 101);
INSERT INTO Prices (Asset_ID, Price_Date, Close_Price, Volume, Data_Source_ID) VALUES (4, '2026-02-09', 690.28, 73885200, 101);
INSERT INTO Prices (Asset_ID, Price_Date, Close_Price, Volume, Data_Source_ID) VALUES (5, '2026-02-09', 51.62, 0, 101);
INSERT INTO Prices (Asset_ID, Price_Date, Close_Price, Volume, Data_Source_ID) VALUES (1, '2026-02-10', 68793.96, 40593063077, 101);
INSERT INTO Prices (Asset_ID, Price_Date, Close_Price, Volume, Data_Source_ID) VALUES (2, '2026-02-10', 5003.8, 281, 101);
INSERT INTO Prices (Asset_ID, Price_Date, Close_Price, Volume, Data_Source_ID) VALUES (3, '2026-02-10', 80.22, 112, 101);
INSERT INTO Prices (Asset_ID, Price_Date, Close_Price, Volume, Data_Source_ID) VALUES (4, '2026-02-10', 688.46, 65185700, 101);
INSERT INTO Prices (Asset_ID, Price_Date, Close_Price, Volume, Data_Source_ID) VALUES (5, '2026-02-10', 51.59, 0, 101);
INSERT INTO Prices (Asset_ID, Price_Date, Close_Price, Volume, Data_Source_ID) VALUES (1, '2026-02-11', 66991.97, 49671946030, 101);
INSERT INTO Prices (Asset_ID, Price_Date, Close_Price, Volume, Data_Source_ID) VALUES (2, '2026-02-11', 5071.6, 2681, 101);
INSERT INTO Prices (Asset_ID, Price_Date, Close_Price, Volume, Data_Source_ID) VALUES (3, '2026-02-11', 83.75, 11, 101);
INSERT INTO Prices (Asset_ID, Price_Date, Close_Price, Volume, Data_Source_ID) VALUES (4, '2026-02-11', 688.3, 76353900, 101);
INSERT INTO Prices (Asset_ID, Price_Date, Close_Price, Volume, Data_Source_ID) VALUES (5, '2026-02-11', 51.52, 0, 101);
INSERT INTO Prices (Asset_ID, Price_Date, Close_Price, Volume, Data_Source_ID) VALUES (1, '2026-02-12', 66221.84, 44651071271, 101);
INSERT INTO Prices (Asset_ID, Price_Date, Close_Price, Volume, Data_Source_ID) VALUES (2, '2026-02-12', 4923.7, 484, 101);
INSERT INTO Prices (Asset_ID, Price_Date, Close_Price, Volume, Data_Source_ID) VALUES (3, '2026-02-12', 75.55, 78, 101);
INSERT INTO Prices (Asset_ID, Price_Date, Close_Price, Volume, Data_Source_ID) VALUES (4, '2026-02-12', 677.67, 118829000, 101);
INSERT INTO Prices (Asset_ID, Price_Date, Close_Price, Volume, Data_Source_ID) VALUES (5, '2026-02-12', 51.12, 0, 101);
INSERT INTO Prices (Asset_ID, Price_Date, Close_Price, Volume, Data_Source_ID) VALUES (1, '2026-02-13', 68857.84, 40820775886, 101);
INSERT INTO Prices (Asset_ID, Price_Date, Close_Price, Volume, Data_Source_ID) VALUES (2, '2026-02-13', 5022.0, 232, 101);
INSERT INTO Prices (Asset_ID, Price_Date, Close_Price, Volume, Data_Source_ID) VALUES (3, '2026-02-13', 77.85, 63, 101);
INSERT INTO Prices (Asset_ID, Price_Date, Close_Price, Volume, Data_Source_ID) VALUES (4, '2026-02-13', 678.15, 96267500, 101);
INSERT INTO Prices (Asset_ID, Price_Date, Close_Price, Volume, Data_Source_ID) VALUES (5, '2026-02-13', 51.21, 0, 101);
INSERT INTO Prices (Asset_ID, Price_Date, Close_Price, Volume, Data_Source_ID) VALUES (1, '2026-02-14', 69767.62, 36012397645, 101);
INSERT INTO Prices (Asset_ID, Price_Date, Close_Price, Volume, Data_Source_ID) VALUES (1, '2026-02-15', 68788.19, 40191152750, 101);
INSERT INTO Prices (Asset_ID, Price_Date, Close_Price, Volume, Data_Source_ID) VALUES (1, '2026-02-16', 68843.16, 33618145426, 101);
INSERT INTO Prices (Asset_ID, Price_Date, Close_Price, Volume, Data_Source_ID) VALUES (1, '2026-02-17', 67494.22, 34866936040, 101);
INSERT INTO Prices (Asset_ID, Price_Date, Close_Price, Volume, Data_Source_ID) VALUES (2, '2026-02-17', 4882.9, 540, 101);
INSERT INTO Prices (Asset_ID, Price_Date, Close_Price, Volume, Data_Source_ID) VALUES (3, '2026-02-17', 73.45, 61, 101);
INSERT INTO Prices (Asset_ID, Price_Date, Close_Price, Volume, Data_Source_ID) VALUES (4, '2026-02-17', 679.24, 81354700, 101);
INSERT INTO Prices (Asset_ID, Price_Date, Close_Price, Volume, Data_Source_ID) VALUES (5, '2026-02-17', 51.24, 0, 101);
INSERT INTO Prices (Asset_ID, Price_Date, Close_Price, Volume, Data_Source_ID) VALUES (1, '2026-02-18', 66425.32, 33094301643, 101);
INSERT INTO Prices (Asset_ID, Price_Date, Close_Price, Volume, Data_Source_ID) VALUES (2, '2026-02-18', 4986.5, 544, 101);
INSERT INTO Prices (Asset_ID, Price_Date, Close_Price, Volume, Data_Source_ID) VALUES (3, '2026-02-18', 77.51, 18, 101);
INSERT INTO Prices (Asset_ID, Price_Date, Close_Price, Volume, Data_Source_ID) VALUES (4, '2026-02-18', 682.66, 73570300, 101);
INSERT INTO Prices (Asset_ID, Price_Date, Close_Price, Volume, Data_Source_ID) VALUES (5, '2026-02-18', 51.4, 0, 101);
INSERT INTO Prices (Asset_ID, Price_Date, Close_Price, Volume, Data_Source_ID) VALUES (1, '2026-02-19', 66957.52, 31492987019, 101);
INSERT INTO Prices (Asset_ID, Price_Date, Close_Price, Volume, Data_Source_ID) VALUES (2, '2026-02-19', 4975.9, 37, 101);
INSERT INTO Prices (Asset_ID, Price_Date, Close_Price, Volume, Data_Source_ID) VALUES (3, '2026-02-19', 77.57, 208, 101);
INSERT INTO Prices (Asset_ID, Price_Date, Close_Price, Volume, Data_Source_ID) VALUES (4, '2026-02-19', 680.86, 58649400, 101);
INSERT INTO Prices (Asset_ID, Price_Date, Close_Price, Volume, Data_Source_ID) VALUES (5, '2026-02-19', 51.34, 0, 101);
INSERT INTO Prices (Asset_ID, Price_Date, Close_Price, Volume, Data_Source_ID) VALUES (1, '2026-02-20', 68005.42, 47507867304, 101);
INSERT INTO Prices (Asset_ID, Price_Date, Close_Price, Volume, Data_Source_ID) VALUES (2, '2026-02-20', 5059.3, 134, 101);
INSERT INTO Prices (Asset_ID, Price_Date, Close_Price, Volume, Data_Source_ID) VALUES (3, '2026-02-20', 82.28, 30, 101);
INSERT INTO Prices (Asset_ID, Price_Date, Close_Price, Volume, Data_Source_ID) VALUES (4, '2026-02-20', 685.79, 100034000, 101);
INSERT INTO Prices (Asset_ID, Price_Date, Close_Price, Volume, Data_Source_ID) VALUES (5, '2026-02-20', 51.53, 0, 101);
INSERT INTO Prices (Asset_ID, Price_Date, Close_Price, Volume, Data_Source_ID) VALUES (1, '2026-02-21', 68003.77, 18357635642, 101);
INSERT INTO Prices (Asset_ID, Price_Date, Close_Price, Volume, Data_Source_ID) VALUES (1, '2026-02-22', 67659.39, 17893536012, 101);
INSERT INTO Prices (Asset_ID, Price_Date, Close_Price, Volume, Data_Source_ID) VALUES (1, '2026-02-23', 64616.74, 50953457309, 101);
INSERT INTO Prices (Asset_ID, Price_Date, Close_Price, Volume, Data_Source_ID) VALUES (2, '2026-02-23', 5204.7, 779, 101);
INSERT INTO Prices (Asset_ID, Price_Date, Close_Price, Volume, Data_Source_ID) VALUES (3, '2026-02-23', 86.52, 41, 101);
INSERT INTO Prices (Asset_ID, Price_Date, Close_Price, Volume, Data_Source_ID) VALUES (4, '2026-02-23', 678.78, 90558100, 101);
INSERT INTO Prices (Asset_ID, Price_Date, Close_Price, Volume, Data_Source_ID) VALUES (5, '2026-02-23', 51.21, 0, 101);
INSERT INTO Prices (Asset_ID, Price_Date, Close_Price, Volume, Data_Source_ID) VALUES (1, '2026-02-24', 64080.04, 40849331086, 101);
INSERT INTO Prices (Asset_ID, Price_Date, Close_Price, Volume, Data_Source_ID) VALUES (2, '2026-02-24', 5155.8, 88, 101);
INSERT INTO Prices (Asset_ID, Price_Date, Close_Price, Volume, Data_Source_ID) VALUES (3, '2026-02-24', 87.46, 268, 101);
INSERT INTO Prices (Asset_ID, Price_Date, Close_Price, Volume, Data_Source_ID) VALUES (4, '2026-02-24', 683.72, 73798700, 101);
INSERT INTO Prices (Asset_ID, Price_Date, Close_Price, Volume, Data_Source_ID) VALUES (5, '2026-02-24', 51.47, 0, 101);
INSERT INTO Prices (Asset_ID, Price_Date, Close_Price, Volume, Data_Source_ID) VALUES (1, '2026-02-25', 67960.12, 53629234355, 101);
INSERT INTO Prices (Asset_ID, Price_Date, Close_Price, Volume, Data_Source_ID) VALUES (2, '2026-02-25', 5206.4, 1772, 101);
INSERT INTO Prices (Asset_ID, Price_Date, Close_Price, Volume, Data_Source_ID) VALUES (3, '2026-02-25', 90.94, 36156, 101);
INSERT INTO Prices (Asset_ID, Price_Date, Close_Price, Volume, Data_Source_ID) VALUES (4, '2026-02-25', 689.49, 56369500, 101);
INSERT INTO Prices (Asset_ID, Price_Date, Close_Price, Volume, Data_Source_ID) VALUES (5, '2026-02-25', 51.7, 0, 101);
INSERT INTO Prices (Asset_ID, Price_Date, Close_Price, Volume, Data_Source_ID) VALUES (1, '2026-02-26', 67453.77, 42988597523, 101);
INSERT INTO Prices (Asset_ID, Price_Date, Close_Price, Volume, Data_Source_ID) VALUES (2, '2026-02-26', 5176.5, 1520, 101);
INSERT INTO Prices (Asset_ID, Price_Date, Close_Price, Volume, Data_Source_ID) VALUES (3, '2026-02-26', 87.0, 6626, 101);
INSERT INTO Prices (Asset_ID, Price_Date, Close_Price, Volume, Data_Source_ID) VALUES (4, '2026-02-26', 685.66, 71671000, 101);
INSERT INTO Prices (Asset_ID, Price_Date, Close_Price, Volume, Data_Source_ID) VALUES (5, '2026-02-26', 51.62, 0, 101);
INSERT INTO Prices (Asset_ID, Price_Date, Close_Price, Volume, Data_Source_ID) VALUES (1, '2026-02-27', 65881.8, 40283655942, 101);
INSERT INTO Prices (Asset_ID, Price_Date, Close_Price, Volume, Data_Source_ID) VALUES (2, '2026-02-27', 5230.5, 354, 101);
INSERT INTO Prices (Asset_ID, Price_Date, Close_Price, Volume, Data_Source_ID) VALUES (3, '2026-02-27', 92.68, 1134, 101);
INSERT INTO Prices (Asset_ID, Price_Date, Close_Price, Volume, Data_Source_ID) VALUES (4, '2026-02-27', 682.36, 83308900, 101);
INSERT INTO Prices (Asset_ID, Price_Date, Close_Price, Volume, Data_Source_ID) VALUES (5, '2026-02-27', 51.49, 0, 101);
INSERT INTO Prices (Asset_ID, Price_Date, Close_Price, Volume, Data_Source_ID) VALUES (1, '2026-02-28', 66995.86, 42041497112, 101);
INSERT INTO Prices (Asset_ID, Price_Date, Close_Price, Volume, Data_Source_ID) VALUES (1, '2026-03-01', 65738.1, 40733141929, 101);
INSERT INTO Prices (Asset_ID, Price_Date, Close_Price, Volume, Data_Source_ID) VALUES (1, '2026-03-02', 68775.85, 56698092052, 101);
INSERT INTO Prices (Asset_ID, Price_Date, Close_Price, Volume, Data_Source_ID) VALUES (2, '2026-03-02', 5294.4, 72, 101);
INSERT INTO Prices (Asset_ID, Price_Date, Close_Price, Volume, Data_Source_ID) VALUES (3, '2026-03-02', 88.28, 1338, 101);
INSERT INTO Prices (Asset_ID, Price_Date, Close_Price, Volume, Data_Source_ID) VALUES (4, '2026-03-02', 682.75, 87477200, 101);
INSERT INTO Prices (Asset_ID, Price_Date, Close_Price, Volume, Data_Source_ID) VALUES (5, '2026-03-02', 51.45, 0, 101);
INSERT INTO Prices (Asset_ID, Price_Date, Close_Price, Volume, Data_Source_ID) VALUES (1, '2026-03-03', 68293.65, 47947999049, 101);
INSERT INTO Prices (Asset_ID, Price_Date, Close_Price, Volume, Data_Source_ID) VALUES (2, '2026-03-03', 5107.4, 1776, 101);
INSERT INTO Prices (Asset_ID, Price_Date, Close_Price, Volume, Data_Source_ID) VALUES (3, '2026-03-03', 82.92, 1600, 101);
INSERT INTO Prices (Asset_ID, Price_Date, Close_Price, Volume, Data_Source_ID) VALUES (4, '2026-03-03', 676.73, 105003100, 101);
INSERT INTO Prices (Asset_ID, Price_Date, Close_Price, Volume, Data_Source_ID) VALUES (5, '2026-03-03', 51.11, 0, 101);
INSERT INTO Prices (Asset_ID, Price_Date, Close_Price, Volume, Data_Source_ID) VALUES (1, '2026-03-04', 72710.58, 75073101274, 101);
INSERT INTO Prices (Asset_ID, Price_Date, Close_Price, Volume, Data_Source_ID) VALUES (2, '2026-03-04', 5120.2, 679, 101);
INSERT INTO Prices (Asset_ID, Price_Date, Close_Price, Volume, Data_Source_ID) VALUES (3, '2026-03-04', 82.63, 502, 101);
INSERT INTO Prices (Asset_ID, Price_Date, Close_Price, Volume, Data_Source_ID) VALUES (4, '2026-03-04', 681.51, 79182200, 101);
INSERT INTO Prices (Asset_ID, Price_Date, Close_Price, Volume, Data_Source_ID) VALUES (5, '2026-03-04', 51.33, 0, 101);
INSERT INTO Prices (Asset_ID, Price_Date, Close_Price, Volume, Data_Source_ID) VALUES (1, '2026-03-05', 70841.12, 51172841727, 101);
INSERT INTO Prices (Asset_ID, Price_Date, Close_Price, Volume, Data_Source_ID) VALUES (2, '2026-03-05', 5065.3, 1701, 101);
INSERT INTO Prices (Asset_ID, Price_Date, Close_Price, Volume, Data_Source_ID) VALUES (3, '2026-03-05', 81.69, 597, 101);
INSERT INTO Prices (Asset_ID, Price_Date, Close_Price, Volume, Data_Source_ID) VALUES (4, '2026-03-05', 677.71, 106606500, 101);
INSERT INTO Prices (Asset_ID, Price_Date, Close_Price, Volume, Data_Source_ID) VALUES (5, '2026-03-05', 51.08, 0, 101);
INSERT INTO Prices (Asset_ID, Price_Date, Close_Price, Volume, Data_Source_ID) VALUES (1, '2026-03-06', 68136.49, 43776962871, 101);
INSERT INTO Prices (Asset_ID, Price_Date, Close_Price, Volume, Data_Source_ID) VALUES (2, '2026-03-06', 5146.1, 148, 101);
INSERT INTO Prices (Asset_ID, Price_Date, Close_Price, Volume, Data_Source_ID) VALUES (3, '2026-03-06', 83.82, 282, 101);
INSERT INTO Prices (Asset_ID, Price_Date, Close_Price, Volume, Data_Source_ID) VALUES (4, '2026-03-06', 668.83, 100687000, 101);
INSERT INTO Prices (Asset_ID, Price_Date, Close_Price, Volume, Data_Source_ID) VALUES (5, '2026-03-06', 50.63, 0, 101);
INSERT INTO Prices (Asset_ID, Price_Date, Close_Price, Volume, Data_Source_ID) VALUES (1, '2026-03-07', 67272.59, 23258701211, 101);
INSERT INTO Prices (Asset_ID, Price_Date, Close_Price, Volume, Data_Source_ID) VALUES (1, '2026-03-08', 65969.78, 33195080116, 101);
INSERT INTO Prices (Asset_ID, Price_Date, Close_Price, Volume, Data_Source_ID) VALUES (1, '2026-03-09', 68402.38, 49499875378, 101);
INSERT INTO Prices (Asset_ID, Price_Date, Close_Price, Volume, Data_Source_ID) VALUES (2, '2026-03-09', 5091.5, 639, 101);
INSERT INTO Prices (Asset_ID, Price_Date, Close_Price, Volume, Data_Source_ID) VALUES (3, '2026-03-09', 84.03, 497, 101);
INSERT INTO Prices (Asset_ID, Price_Date, Close_Price, Volume, Data_Source_ID) VALUES (4, '2026-03-09', 674.68, 102667700, 101);
INSERT INTO Prices (Asset_ID, Price_Date, Close_Price, Volume, Data_Source_ID) VALUES (5, '2026-03-09', 50.95, 0, 101);
INSERT INTO Prices (Asset_ID, Price_Date, Close_Price, Volume, Data_Source_ID) VALUES (1, '2026-03-10', 69926.92, 54003996096, 101);
INSERT INTO Prices (Asset_ID, Price_Date, Close_Price, Volume, Data_Source_ID) VALUES (2, '2026-03-10', 5229.7, 4300, 101);
INSERT INTO Prices (Asset_ID, Price_Date, Close_Price, Volume, Data_Source_ID) VALUES (3, '2026-03-10', 89.08, 106, 101);
INSERT INTO Prices (Asset_ID, Price_Date, Close_Price, Volume, Data_Source_ID) VALUES (4, '2026-03-10', 673.6, 81505300, 101);
INSERT INTO Prices (Asset_ID, Price_Date, Close_Price, Volume, Data_Source_ID) VALUES (5, '2026-03-10', 50.82, 0, 101);
INSERT INTO Prices (Asset_ID, Price_Date, Close_Price, Volume, Data_Source_ID) VALUES (1, '2026-03-11', 70204.88, 45236859848, 101);
INSERT INTO Prices (Asset_ID, Price_Date, Close_Price, Volume, Data_Source_ID) VALUES (2, '2026-03-11', 5167.4, 633, 101);
INSERT INTO Prices (Asset_ID, Price_Date, Close_Price, Volume, Data_Source_ID) VALUES (3, '2026-03-11', 85.07, 1455, 101);
INSERT INTO Prices (Asset_ID, Price_Date, Close_Price, Volume, Data_Source_ID) VALUES (4, '2026-03-11', 672.75, 68441700, 101);
INSERT INTO Prices (Asset_ID, Price_Date, Close_Price, Volume, Data_Source_ID) VALUES (5, '2026-03-11', 50.7, 0, 101);
INSERT INTO Prices (Asset_ID, Price_Date, Close_Price, Volume, Data_Source_ID) VALUES (1, '2026-03-12', 70493.46, 40871848129, 101);
INSERT INTO Prices (Asset_ID, Price_Date, Close_Price, Volume, Data_Source_ID) VALUES (2, '2026-03-12', 5115.8, 410, 101);
INSERT INTO Prices (Asset_ID, Price_Date, Close_Price, Volume, Data_Source_ID) VALUES (3, '2026-03-12', 84.67, 284, 101);
INSERT INTO Prices (Asset_ID, Price_Date, Close_Price, Volume, Data_Source_ID) VALUES (4, '2026-03-12', 662.54, 108882200, 101);
INSERT INTO Prices (Asset_ID, Price_Date, Close_Price, Volume, Data_Source_ID) VALUES (5, '2026-03-12', 50.14, 0, 101);
INSERT INTO Prices (Asset_ID, Price_Date, Close_Price, Volume, Data_Source_ID) VALUES (1, '2026-03-13', 70968.27, 61167226505, 101);
INSERT INTO Prices (Asset_ID, Price_Date, Close_Price, Volume, Data_Source_ID) VALUES (2, '2026-03-13', 5052.5, 479, 101);
INSERT INTO Prices (Asset_ID, Price_Date, Close_Price, Volume, Data_Source_ID) VALUES (3, '2026-03-13', 80.91, 856, 101);
INSERT INTO Prices (Asset_ID, Price_Date, Close_Price, Volume, Data_Source_ID) VALUES (4, '2026-03-13', 658.79, 97200200, 101);
INSERT INTO Prices (Asset_ID, Price_Date, Close_Price, Volume, Data_Source_ID) VALUES (5, '2026-03-13', 49.96, 0, 101);
INSERT INTO Prices (Asset_ID, Price_Date, Close_Price, Volume, Data_Source_ID) VALUES (1, '2026-03-14', 71214.62, 22283546496, 101);
INSERT INTO Prices (Asset_ID, Price_Date, Close_Price, Volume, Data_Source_ID) VALUES (1, '2026-03-15', 72789.91, 27991268669, 101);
INSERT INTO Prices (Asset_ID, Price_Date, Close_Price, Volume, Data_Source_ID) VALUES (1, '2026-03-16', 74861.09, 55572438409, 101);
INSERT INTO Prices (Asset_ID, Price_Date, Close_Price, Volume, Data_Source_ID) VALUES (2, '2026-03-16', 4994.0, 130, 101);
INSERT INTO Prices (Asset_ID, Price_Date, Close_Price, Volume, Data_Source_ID) VALUES (3, '2026-03-16', 80.26, 91, 101);
INSERT INTO Prices (Asset_ID, Price_Date, Close_Price, Volume, Data_Source_ID) VALUES (4, '2026-03-16', 665.49, 82023100, 101);
INSERT INTO Prices (Asset_ID, Price_Date, Close_Price, Volume, Data_Source_ID) VALUES (5, '2026-03-16', 50.33, 0, 101);
INSERT INTO Prices (Asset_ID, Price_Date, Close_Price, Volume, Data_Source_ID) VALUES (1, '2026-03-17', 73922.48, 49500721728, 101);
INSERT INTO Prices (Asset_ID, Price_Date, Close_Price, Volume, Data_Source_ID) VALUES (2, '2026-03-17', 5001.0, 239, 101);
INSERT INTO Prices (Asset_ID, Price_Date, Close_Price, Volume, Data_Source_ID) VALUES (3, '2026-03-17', 79.53, 248, 101);
INSERT INTO Prices (Asset_ID, Price_Date, Close_Price, Volume, Data_Source_ID) VALUES (4, '2026-03-17', 667.24, 87128000, 101);
INSERT INTO Prices (Asset_ID, Price_Date, Close_Price, Volume, Data_Source_ID) VALUES (5, '2026-03-17', 50.47, 0, 101);
INSERT INTO Prices (Asset_ID, Price_Date, Close_Price, Volume, Data_Source_ID) VALUES (1, '2026-03-18', 71245.58, 46229011155, 101);
INSERT INTO Prices (Asset_ID, Price_Date, Close_Price, Volume, Data_Source_ID) VALUES (2, '2026-03-18', 4889.9, 1461, 101);
INSERT INTO Prices (Asset_ID, Price_Date, Close_Price, Volume, Data_Source_ID) VALUES (3, '2026-03-18', 77.24, 340, 101);
INSERT INTO Prices (Asset_ID, Price_Date, Close_Price, Volume, Data_Source_ID) VALUES (4, '2026-03-18', 657.93, 82062600, 101);
INSERT INTO Prices (Asset_ID, Price_Date, Close_Price, Volume, Data_Source_ID) VALUES (5, '2026-03-18', 49.99, 0, 101);
INSERT INTO Prices (Asset_ID, Price_Date, Close_Price, Volume, Data_Source_ID) VALUES (1, '2026-03-19', 69912.79, 44631433398, 101);
INSERT INTO Prices (Asset_ID, Price_Date, Close_Price, Volume, Data_Source_ID) VALUES (2, '2026-03-19', 4600.7, 627, 101);
INSERT INTO Prices (Asset_ID, Price_Date, Close_Price, Volume, Data_Source_ID) VALUES (3, '2026-03-19', 70.9, 138, 101);
INSERT INTO Prices (Asset_ID, Price_Date, Close_Price, Volume, Data_Source_ID) VALUES (4, '2026-03-19', 656.31, 111272500, 101);
INSERT INTO Prices (Asset_ID, Price_Date, Close_Price, Volume, Data_Source_ID) VALUES (5, '2026-03-19', 49.94, 0, 101);
INSERT INTO Prices (Asset_ID, Price_Date, Close_Price, Volume, Data_Source_ID) VALUES (1, '2026-03-20', 70522.59, 38299078407, 101);
INSERT INTO Prices (Asset_ID, Price_Date, Close_Price, Volume, Data_Source_ID) VALUES (2, '2026-03-20', 4570.4, 235, 101);
INSERT INTO Prices (Asset_ID, Price_Date, Close_Price, Volume, Data_Source_ID) VALUES (3, '2026-03-20', 69.36, 45, 101);
INSERT INTO Prices (Asset_ID, Price_Date, Close_Price, Volume, Data_Source_ID) VALUES (4, '2026-03-20', 646.9, 163617500, 101);
INSERT INTO Prices (Asset_ID, Price_Date, Close_Price, Volume, Data_Source_ID) VALUES (5, '2026-03-20', 49.31, 0, 101);
INSERT INTO Prices (Asset_ID, Price_Date, Close_Price, Volume, Data_Source_ID) VALUES (1, '2026-03-21', 68711.52, 21109354718, 101);
INSERT INTO Prices (Asset_ID, Price_Date, Close_Price, Volume, Data_Source_ID) VALUES (1, '2026-03-22', 67845.21, 30108051508, 101);
INSERT INTO Prices (Asset_ID, Price_Date, Close_Price, Volume, Data_Source_ID) VALUES (1, '2026-03-23', 70914.86, 51508669357, 101);
INSERT INTO Prices (Asset_ID, Price_Date, Close_Price, Volume, Data_Source_ID) VALUES (2, '2026-03-23', 4404.1, 544, 101);
INSERT INTO Prices (Asset_ID, Price_Date, Close_Price, Volume, Data_Source_ID) VALUES (3, '2026-03-23', 69.05, 271, 101);
INSERT INTO Prices (Asset_ID, Price_Date, Close_Price, Volume, Data_Source_ID) VALUES (4, '2026-03-23', 653.7, 134802700, 101);
INSERT INTO Prices (Asset_ID, Price_Date, Close_Price, Volume, Data_Source_ID) VALUES (5, '2026-03-23', 49.74, 0, 101);
INSERT INTO Prices (Asset_ID, Price_Date, Close_Price, Volume, Data_Source_ID) VALUES (1, '2026-03-24', 70517.86, 40181522399, 101);
INSERT INTO Prices (Asset_ID, Price_Date, Close_Price, Volume, Data_Source_ID) VALUES (2, '2026-03-24', 4399.3, 378, 101);
INSERT INTO Prices (Asset_ID, Price_Date, Close_Price, Volume, Data_Source_ID) VALUES (3, '2026-03-24', 69.27, 122, 101);
INSERT INTO Prices (Asset_ID, Price_Date, Close_Price, Volume, Data_Source_ID) VALUES (4, '2026-03-24', 651.5, 96457500, 101);
INSERT INTO Prices (Asset_ID, Price_Date, Close_Price, Volume, Data_Source_ID) VALUES (5, '2026-03-24', 49.6, 0, 101);
INSERT INTO Prices (Asset_ID, Price_Date, Close_Price, Volume, Data_Source_ID) VALUES (1, '2026-03-25', 71309.88, 35409791747, 101);
INSERT INTO Prices (Asset_ID, Price_Date, Close_Price, Volume, Data_Source_ID) VALUES (2, '2026-03-25', 4549.8, 388, 101);
INSERT INTO Prices (Asset_ID, Price_Date, Close_Price, Volume, Data_Source_ID) VALUES (3, '2026-03-25', 72.36, 211, 101);
INSERT INTO Prices (Asset_ID, Price_Date, Close_Price, Volume, Data_Source_ID) VALUES (4, '2026-03-25', 655.13, 90653800, 101);
INSERT INTO Prices (Asset_ID, Price_Date, Close_Price, Volume, Data_Source_ID) VALUES (5, '2026-03-25', 49.86, 0, 101);
INSERT INTO Prices (Asset_ID, Price_Date, Close_Price, Volume, Data_Source_ID) VALUES (1, '2026-03-26', 68791.62, 38962070215, 101);
INSERT INTO Prices (Asset_ID, Price_Date, Close_Price, Volume, Data_Source_ID) VALUES (2, '2026-03-26', 4375.5, 1070, 101);
INSERT INTO Prices (Asset_ID, Price_Date, Close_Price, Volume, Data_Source_ID) VALUES (3, '2026-03-26', 67.67, 31, 101);
INSERT INTO Prices (Asset_ID, Price_Date, Close_Price, Volume, Data_Source_ID) VALUES (4, '2026-03-26', 643.43, 96494400, 101);
INSERT INTO Prices (Asset_ID, Price_Date, Close_Price, Volume, Data_Source_ID) VALUES (5, '2026-03-26', 49.23, 0, 101);
INSERT INTO Prices (Asset_ID, Price_Date, Close_Price, Volume, Data_Source_ID) VALUES (1, '2026-03-27', 66338.38, 46483453594, 101);
INSERT INTO Prices (Asset_ID, Price_Date, Close_Price, Volume, Data_Source_ID) VALUES (2, '2026-03-27', 4492.0, 74348, 101);
INSERT INTO Prices (Asset_ID, Price_Date, Close_Price, Volume, Data_Source_ID) VALUES (3, '2026-03-27', 69.54, 391, 101);
INSERT INTO Prices (Asset_ID, Price_Date, Close_Price, Volume, Data_Source_ID) VALUES (4, '2026-03-27', 632.46, 103649400, 101);
INSERT INTO Prices (Asset_ID, Price_Date, Close_Price, Volume, Data_Source_ID) VALUES (5, '2026-03-27', 48.72, 0, 101);
INSERT INTO Prices (Asset_ID, Price_Date, Close_Price, Volume, Data_Source_ID) VALUES (1, '2026-03-28', 66319.7, 20924883455, 101);
INSERT INTO Prices (Asset_ID, Price_Date, Close_Price, Volume, Data_Source_ID) VALUES (1, '2026-03-29', 65954.92, 21645889785, 101);
INSERT INTO Prices (Asset_ID, Price_Date, Close_Price, Volume, Data_Source_ID) VALUES (1, '2026-03-30', 66691.45, 37694994180, 101);
INSERT INTO Prices (Asset_ID, Price_Date, Close_Price, Volume, Data_Source_ID) VALUES (2, '2026-03-30', 4526.0, 10816, 101);
INSERT INTO Prices (Asset_ID, Price_Date, Close_Price, Volume, Data_Source_ID) VALUES (3, '2026-03-30', 70.32, 482, 101);
INSERT INTO Prices (Asset_ID, Price_Date, Close_Price, Volume, Data_Source_ID) VALUES (4, '2026-03-30', 630.35, 99275900, 101);
INSERT INTO Prices (Asset_ID, Price_Date, Close_Price, Volume, Data_Source_ID) VALUES (5, '2026-03-30', 48.69, 0, 101);
INSERT INTO Prices (Asset_ID, Price_Date, Close_Price, Volume, Data_Source_ID) VALUES (1, '2026-03-31', 68233.31, 42997691338, 101);
INSERT INTO Prices (Asset_ID, Price_Date, Close_Price, Volume, Data_Source_ID) VALUES (2, '2026-03-31', 4647.6, 4264, 101);
INSERT INTO Prices (Asset_ID, Price_Date, Close_Price, Volume, Data_Source_ID) VALUES (3, '2026-03-31', 74.69, 98, 101);
INSERT INTO Prices (Asset_ID, Price_Date, Close_Price, Volume, Data_Source_ID) VALUES (4, '2026-03-31', 648.67, 152534100, 101);
INSERT INTO Prices (Asset_ID, Price_Date, Close_Price, Volume, Data_Source_ID) VALUES (5, '2026-03-31', 49.59, 0, 101);
INSERT INTO Prices (Asset_ID, Price_Date, Close_Price, Volume, Data_Source_ID) VALUES (1, '2026-04-01', 68078.55, 36465393617, 101);
INSERT INTO Prices (Asset_ID, Price_Date, Close_Price, Volume, Data_Source_ID) VALUES (2, '2026-04-01', 4783.2, 1637, 101);
INSERT INTO Prices (Asset_ID, Price_Date, Close_Price, Volume, Data_Source_ID) VALUES (3, '2026-04-01', 75.87, 81, 101);
INSERT INTO Prices (Asset_ID, Price_Date, Close_Price, Volume, Data_Source_ID) VALUES (4, '2026-04-01', 653.56, 97841500, 101);
INSERT INTO Prices (Asset_ID, Price_Date, Close_Price, Volume, Data_Source_ID) VALUES (5, '2026-04-01', 49.79, 0, 101);
INSERT INTO Prices (Asset_ID, Price_Date, Close_Price, Volume, Data_Source_ID) VALUES (1, '2026-04-02', 66888.57, 39323384518, 101);
INSERT INTO Prices (Asset_ID, Price_Date, Close_Price, Volume, Data_Source_ID) VALUES (2, '2026-04-02', 4651.5, 0, 101);
INSERT INTO Prices (Asset_ID, Price_Date, Close_Price, Volume, Data_Source_ID) VALUES (3, '2026-04-02', 72.74, 0, 101);
INSERT INTO Prices (Asset_ID, Price_Date, Close_Price, Volume, Data_Source_ID) VALUES (4, '2026-04-02', 654.14, 68358700, 101);
INSERT INTO Prices (Asset_ID, Price_Date, Close_Price, Volume, Data_Source_ID) VALUES (5, '2026-04-02', 49.88, 0, 101);
INSERT INTO Prices (Asset_ID, Price_Date, Close_Price, Volume, Data_Source_ID) VALUES (1, '2026-04-03', 66931.1, 22815543346, 101);
INSERT INTO Prices (Asset_ID, Price_Date, Close_Price, Volume, Data_Source_ID) VALUES (1, '2026-04-04', 67290.52, 15878814963, 101);
INSERT INTO Prices (Asset_ID, Price_Date, Close_Price, Volume, Data_Source_ID) VALUES (1, '2026-04-05', 68981.9, 22972648674, 101);
INSERT INTO Prices (Asset_ID, Price_Date, Close_Price, Volume, Data_Source_ID) VALUES (1, '2026-04-06', 68859.83, 39542143229, 101);
INSERT INTO Prices (Asset_ID, Price_Date, Close_Price, Volume, Data_Source_ID) VALUES (2, '2026-04-06', 4656.8, 148, 101);
INSERT INTO Prices (Asset_ID, Price_Date, Close_Price, Volume, Data_Source_ID) VALUES (3, '2026-04-06', 72.66, 1, 101);
INSERT INTO Prices (Asset_ID, Price_Date, Close_Price, Volume, Data_Source_ID) VALUES (4, '2026-04-06', 657.24, 39105800, 101);
INSERT INTO Prices (Asset_ID, Price_Date, Close_Price, Volume, Data_Source_ID) VALUES (5, '2026-04-06', 50.0, 0, 101);
INSERT INTO Prices (Asset_ID, Price_Date, Close_Price, Volume, Data_Source_ID) VALUES (1, '2026-04-07', 71940.7, 44650511480, 101);
INSERT INTO Prices (Asset_ID, Price_Date, Close_Price, Volume, Data_Source_ID) VALUES (2, '2026-04-07', 4657.1, 327, 101);
INSERT INTO Prices (Asset_ID, Price_Date, Close_Price, Volume, Data_Source_ID) VALUES (3, '2026-04-07', 71.83, 91, 101);
INSERT INTO Prices (Asset_ID, Price_Date, Close_Price, Volume, Data_Source_ID) VALUES (4, '2026-04-07', 657.53, 69980400, 101);
INSERT INTO Prices (Asset_ID, Price_Date, Close_Price, Volume, Data_Source_ID) VALUES (5, '2026-04-07', 50.04, 0, 101);
INSERT INTO Prices (Asset_ID, Price_Date, Close_Price, Volume, Data_Source_ID) VALUES (1, '2026-04-08', 71123.36, 42444631703, 101);
INSERT INTO Prices (Asset_ID, Price_Date, Close_Price, Volume, Data_Source_ID) VALUES (2, '2026-04-08', 4749.5, 405, 101);
INSERT INTO Prices (Asset_ID, Price_Date, Close_Price, Volume, Data_Source_ID) VALUES (3, '2026-04-08', 75.22, 34, 101);
INSERT INTO Prices (Asset_ID, Price_Date, Close_Price, Volume, Data_Source_ID) VALUES (4, '2026-04-08', 674.27, 93606100, 101);
INSERT INTO Prices (Asset_ID, Price_Date, Close_Price, Volume, Data_Source_ID) VALUES (5, '2026-04-08', 50.85, 0, 101);
INSERT INTO Prices (Asset_ID, Price_Date, Close_Price, Volume, Data_Source_ID) VALUES (1, '2026-04-09', 71767.83, 38799581473, 101);
INSERT INTO Prices (Asset_ID, Price_Date, Close_Price, Volume, Data_Source_ID) VALUES (2, '2026-04-09', 4792.2, 1277, 101);
INSERT INTO Prices (Asset_ID, Price_Date, Close_Price, Volume, Data_Source_ID) VALUES (3, '2026-04-09', 76.28, 4, 101);
INSERT INTO Prices (Asset_ID, Price_Date, Close_Price, Volume, Data_Source_ID) VALUES (4, '2026-04-09', 678.16, 57134400, 101);
INSERT INTO Prices (Asset_ID, Price_Date, Close_Price, Volume, Data_Source_ID) VALUES (5, '2026-04-09', 51.02, 0, 101);
INSERT INTO Prices (Asset_ID, Price_Date, Close_Price, Volume, Data_Source_ID) VALUES (1, '2026-04-10', 72979.05, 37722595732, 101);
INSERT INTO Prices (Asset_ID, Price_Date, Close_Price, Volume, Data_Source_ID) VALUES (2, '2026-04-10', 4761.9, 812, 101);
INSERT INTO Prices (Asset_ID, Price_Date, Close_Price, Volume, Data_Source_ID) VALUES (3, '2026-04-10', 76.32, 175, 101);
INSERT INTO Prices (Asset_ID, Price_Date, Close_Price, Volume, Data_Source_ID) VALUES (4, '2026-04-10', 677.71, 42253500, 101);
INSERT INTO Prices (Asset_ID, Price_Date, Close_Price, Volume, Data_Source_ID) VALUES (5, '2026-04-10', 50.95, 0, 101);
INSERT INTO Prices (Asset_ID, Price_Date, Close_Price, Volume, Data_Source_ID) VALUES (1, '2026-04-11', 73054.27, 23287073965, 101);
INSERT INTO Prices (Asset_ID, Price_Date, Close_Price, Volume, Data_Source_ID) VALUES (1, '2026-04-12', 70753.41, 29882740487, 101);
INSERT INTO Prices (Asset_ID, Price_Date, Close_Price, Volume, Data_Source_ID) VALUES (1, '2026-04-13', 74484.64, 52278211554, 101);
INSERT INTO Prices (Asset_ID, Price_Date, Close_Price, Volume, Data_Source_ID) VALUES (2, '2026-04-13', 4742.4, 32, 101);
INSERT INTO Prices (Asset_ID, Price_Date, Close_Price, Volume, Data_Source_ID) VALUES (3, '2026-04-13', 75.52, 13, 101);
INSERT INTO Prices (Asset_ID, Price_Date, Close_Price, Volume, Data_Source_ID) VALUES (4, '2026-04-13', 684.34, 54185800, 101);
INSERT INTO Prices (Asset_ID, Price_Date, Close_Price, Volume, Data_Source_ID) VALUES (5, '2026-04-13', 51.34, 0, 101);
INSERT INTO Prices (Asset_ID, Price_Date, Close_Price, Volume, Data_Source_ID) VALUES (1, '2026-04-14', 74181.61, 53540826530, 101);
INSERT INTO Prices (Asset_ID, Price_Date, Close_Price, Volume, Data_Source_ID) VALUES (2, '2026-04-14', 4825.0, 288, 101);
INSERT INTO Prices (Asset_ID, Price_Date, Close_Price, Volume, Data_Source_ID) VALUES (3, '2026-04-14', 79.39, 590, 101);
INSERT INTO Prices (Asset_ID, Price_Date, Close_Price, Volume, Data_Source_ID) VALUES (4, '2026-04-14', 692.68, 63480500, 101);
INSERT INTO Prices (Asset_ID, Price_Date, Close_Price, Volume, Data_Source_ID) VALUES (5, '2026-04-14', 51.75, 0, 101);
INSERT INTO Prices (Asset_ID, Price_Date, Close_Price, Volume, Data_Source_ID) VALUES (1, '2026-04-15', 74805.08, 38090174312, 101);
INSERT INTO Prices (Asset_ID, Price_Date, Close_Price, Volume, Data_Source_ID) VALUES (2, '2026-04-15', 4800.0, 182, 101);
INSERT INTO Prices (Asset_ID, Price_Date, Close_Price, Volume, Data_Source_ID) VALUES (3, '2026-04-15', 79.49, 473, 101);
INSERT INTO Prices (Asset_ID, Price_Date, Close_Price, Volume, Data_Source_ID) VALUES (4, '2026-04-15', 698.14, 58240400, 101);
INSERT INTO Prices (Asset_ID, Price_Date, Close_Price, Volume, Data_Source_ID) VALUES (5, '2026-04-15', 51.96, 0, 101);
INSERT INTO Prices (Asset_ID, Price_Date, Close_Price, Volume, Data_Source_ID) VALUES (1, '2026-04-16', 75152.13, 41312783855, 101);
INSERT INTO Prices (Asset_ID, Price_Date, Close_Price, Volume, Data_Source_ID) VALUES (2, '2026-04-16', 4785.4, 805, 101);
INSERT INTO Prices (Asset_ID, Price_Date, Close_Price, Volume, Data_Source_ID) VALUES (3, '2026-04-16', 78.61, 504, 101);
INSERT INTO Prices (Asset_ID, Price_Date, Close_Price, Volume, Data_Source_ID) VALUES (4, '2026-04-16', 699.86, 49972400, 101);
INSERT INTO Prices (Asset_ID, Price_Date, Close_Price, Volume, Data_Source_ID) VALUES (5, '2026-04-16', 52.01, 0, 101);
INSERT INTO Prices (Asset_ID, Price_Date, Close_Price, Volume, Data_Source_ID) VALUES (1, '2026-04-17', 77126.88, 54137194839, 101);
INSERT INTO Prices (Asset_ID, Price_Date, Close_Price, Volume, Data_Source_ID) VALUES (2, '2026-04-17', 4857.6, 1902, 101);
INSERT INTO Prices (Asset_ID, Price_Date, Close_Price, Volume, Data_Source_ID) VALUES (3, '2026-04-17', 81.74, 38, 101);
INSERT INTO Prices (Asset_ID, Price_Date, Close_Price, Volume, Data_Source_ID) VALUES (4, '2026-04-17', 708.32, 70661900, 101);
INSERT INTO Prices (Asset_ID, Price_Date, Close_Price, Volume, Data_Source_ID) VALUES (5, '2026-04-17', 52.5, 0, 101);
INSERT INTO Prices (Asset_ID, Price_Date, Close_Price, Volume, Data_Source_ID) VALUES (1, '2026-04-18', 75726.21, 26014416776, 101);
INSERT INTO Prices (Asset_ID, Price_Date, Close_Price, Volume, Data_Source_ID) VALUES (1, '2026-04-19', 73856.35, 30931515195, 101);
INSERT INTO Prices (Asset_ID, Price_Date, Close_Price, Volume, Data_Source_ID) VALUES (1, '2026-04-20', 75872.52, 39674447916, 101);
INSERT INTO Prices (Asset_ID, Price_Date, Close_Price, Volume, Data_Source_ID) VALUES (2, '2026-04-20', 4806.6, 724, 101);
INSERT INTO Prices (Asset_ID, Price_Date, Close_Price, Volume, Data_Source_ID) VALUES (3, '2026-04-20', 79.95, 24, 101);
INSERT INTO Prices (Asset_ID, Price_Date, Close_Price, Volume, Data_Source_ID) VALUES (4, '2026-04-20', 706.9, 43546800, 101);
INSERT INTO Prices (Asset_ID, Price_Date, Close_Price, Volume, Data_Source_ID) VALUES (5, '2026-04-20', 52.45, 0, 101);
INSERT INTO Prices (Asset_ID, Price_Date, Close_Price, Volume, Data_Source_ID) VALUES (1, '2026-04-21', 76352.77, 36453522626, 101);
INSERT INTO Prices (Asset_ID, Price_Date, Close_Price, Volume, Data_Source_ID) VALUES (2, '2026-04-21', 4698.4, 1197, 101);
INSERT INTO Prices (Asset_ID, Price_Date, Close_Price, Volume, Data_Source_ID) VALUES (3, '2026-04-21', 76.41, 34, 101);
INSERT INTO Prices (Asset_ID, Price_Date, Close_Price, Volume, Data_Source_ID) VALUES (4, '2026-04-21', 702.27, 58941400, 101);
INSERT INTO Prices (Asset_ID, Price_Date, Close_Price, Volume, Data_Source_ID) VALUES (5, '2026-04-21', 52.18, 0, 101);
INSERT INTO Prices (Asset_ID, Price_Date, Close_Price, Volume, Data_Source_ID) VALUES (1, '2026-04-22', 78203.1, 48336654537, 101);
INSERT INTO Prices (Asset_ID, Price_Date, Close_Price, Volume, Data_Source_ID) VALUES (2, '2026-04-22', 4732.5, 765, 101);
INSERT INTO Prices (Asset_ID, Price_Date, Close_Price, Volume, Data_Source_ID) VALUES (3, '2026-04-22', 77.89, 9, 101);
INSERT INTO Prices (Asset_ID, Price_Date, Close_Price, Volume, Data_Source_ID) VALUES (4, '2026-04-22', 709.38, 42518500, 101);
INSERT INTO Prices (Asset_ID, Price_Date, Close_Price, Volume, Data_Source_ID) VALUES (5, '2026-04-22', 52.51, 0, 101);
INSERT INTO Prices (Asset_ID, Price_Date, Close_Price, Volume, Data_Source_ID) VALUES (1, '2026-04-23', 78268.95, 40354900916, 101);
INSERT INTO Prices (Asset_ID, Price_Date, Close_Price, Volume, Data_Source_ID) VALUES (2, '2026-04-23', 4705.1, 292, 101);
INSERT INTO Prices (Asset_ID, Price_Date, Close_Price, Volume, Data_Source_ID) VALUES (3, '2026-04-23', 75.46, 21, 101);
INSERT INTO Prices (Asset_ID, Price_Date, Close_Price, Volume, Data_Source_ID) VALUES (4, '2026-04-23', 706.63, 56174000, 101);
INSERT INTO Prices (Asset_ID, Price_Date, Close_Price, Volume, Data_Source_ID) VALUES (5, '2026-04-23', 52.34, 0, 101);
INSERT INTO Prices (Asset_ID, Price_Date, Close_Price, Volume, Data_Source_ID) VALUES (1, '2026-04-24', 77455.31, 32784213526, 101);
INSERT INTO Prices (Asset_ID, Price_Date, Close_Price, Volume, Data_Source_ID) VALUES (2, '2026-04-24', 4722.3, 45, 101);
INSERT INTO Prices (Asset_ID, Price_Date, Close_Price, Volume, Data_Source_ID) VALUES (3, '2026-04-24', 76.38, 31, 101);
INSERT INTO Prices (Asset_ID, Price_Date, Close_Price, Volume, Data_Source_ID) VALUES (4, '2026-04-24', 712.11, 45182000, 101);
INSERT INTO Prices (Asset_ID, Price_Date, Close_Price, Volume, Data_Source_ID) VALUES (5, '2026-04-24', 52.6, 0, 101);
INSERT INTO Prices (Asset_ID, Price_Date, Close_Price, Volume, Data_Source_ID) VALUES (1, '2026-04-25', 77612.02, 16702933134, 101);
INSERT INTO Prices (Asset_ID, Price_Date, Close_Price, Volume, Data_Source_ID) VALUES (1, '2026-04-26', 78657.54, 21482934750, 101);
INSERT INTO Prices (Asset_ID, Price_Date, Close_Price, Volume, Data_Source_ID) VALUES (1, '2026-04-27', 77366.62, 38135631927, 101);
INSERT INTO Prices (Asset_ID, Price_Date, Close_Price, Volume, Data_Source_ID) VALUES (2, '2026-04-27', 4675.4, 538, 101);
INSERT INTO Prices (Asset_ID, Price_Date, Close_Price, Volume, Data_Source_ID) VALUES (3, '2026-04-27', 75.0, 7, 101);
INSERT INTO Prices (Asset_ID, Price_Date, Close_Price, Volume, Data_Source_ID) VALUES (4, '2026-04-27', 713.33, 33135900, 101);
INSERT INTO Prices (Asset_ID, Price_Date, Close_Price, Volume, Data_Source_ID) VALUES (5, '2026-04-27', 52.6, 0, 101);
INSERT INTO Prices (Asset_ID, Price_Date, Close_Price, Volume, Data_Source_ID) VALUES (1, '2026-04-28', 76350.67, 32056900880, 101);
INSERT INTO Prices (Asset_ID, Price_Date, Close_Price, Volume, Data_Source_ID) VALUES (2, '2026-04-28', 4591.5, 2660, 101);
INSERT INTO Prices (Asset_ID, Price_Date, Close_Price, Volume, Data_Source_ID) VALUES (3, '2026-04-28', 73.21, 28613, 101);
INSERT INTO Prices (Asset_ID, Price_Date, Close_Price, Volume, Data_Source_ID) VALUES (4, '2026-04-28', 709.86, 43117400, 101);
INSERT INTO Prices (Asset_ID, Price_Date, Close_Price, Volume, Data_Source_ID) VALUES (5, '2026-04-28', 52.4, 0, 101);
INSERT INTO Prices (Asset_ID, Price_Date, Close_Price, Volume, Data_Source_ID) VALUES (1, '2026-04-29', 75776.13, 41460907886, 101);
INSERT INTO Prices (Asset_ID, Price_Date, Close_Price, Volume, Data_Source_ID) VALUES (2, '2026-04-29', 4545.2, 507, 101);
INSERT INTO Prices (Asset_ID, Price_Date, Close_Price, Volume, Data_Source_ID) VALUES (3, '2026-04-29', 71.57, 4128, 101);
INSERT INTO Prices (Asset_ID, Price_Date, Close_Price, Volume, Data_Source_ID) VALUES (4, '2026-04-29', 709.75, 41859200, 101);
INSERT INTO Prices (Asset_ID, Price_Date, Close_Price, Volume, Data_Source_ID) VALUES (5, '2026-04-29', 52.29, 0, 101);
INSERT INTO Prices (Asset_ID, Price_Date, Close_Price, Volume, Data_Source_ID) VALUES (1, '2026-04-30', 76304.32, 29497862305, 101);
INSERT INTO Prices (Asset_ID, Price_Date, Close_Price, Volume, Data_Source_ID) VALUES (2, '2026-04-30', 4614.7, 77, 101);
INSERT INTO Prices (Asset_ID, Price_Date, Close_Price, Volume, Data_Source_ID) VALUES (3, '2026-04-30', 73.53, 498, 101);
INSERT INTO Prices (Asset_ID, Price_Date, Close_Price, Volume, Data_Source_ID) VALUES (4, '2026-04-30', 716.81, 67240900, 101);
INSERT INTO Prices (Asset_ID, Price_Date, Close_Price, Volume, Data_Source_ID) VALUES (5, '2026-04-30', 52.69, 0, 101);
INSERT INTO Prices (Asset_ID, Price_Date, Close_Price, Volume, Data_Source_ID) VALUES (1, '2026-05-01', 78179.0, 39164328894, 101);
INSERT INTO Prices (Asset_ID, Price_Date, Close_Price, Volume, Data_Source_ID) VALUES (2, '2026-05-01', 4629.9, 113, 101);
INSERT INTO Prices (Asset_ID, Price_Date, Close_Price, Volume, Data_Source_ID) VALUES (3, '2026-05-01', 75.95, 598, 101);
INSERT INTO Prices (Asset_ID, Price_Date, Close_Price, Volume, Data_Source_ID) VALUES (4, '2026-05-01', 718.8, 43049800, 101);
INSERT INTO Prices (Asset_ID, Price_Date, Close_Price, Volume, Data_Source_ID) VALUES (5, '2026-05-01', 52.8, 0, 101);
INSERT INTO Prices (Asset_ID, Price_Date, Close_Price, Volume, Data_Source_ID) VALUES (1, '2026-05-02', 78657.25, 16761531851, 101);
INSERT INTO Prices (Asset_ID, Price_Date, Close_Price, Volume, Data_Source_ID) VALUES (1, '2026-05-03', 78538.23, 20544392639, 101);
INSERT INTO Prices (Asset_ID, Price_Date, Close_Price, Volume, Data_Source_ID) VALUES (1, '2026-05-04', 79827.91, 54325085296, 101);
INSERT INTO Prices (Asset_ID, Price_Date, Close_Price, Volume, Data_Source_ID) VALUES (2, '2026-05-04', 4519.5, 20, 101);
INSERT INTO Prices (Asset_ID, Price_Date, Close_Price, Volume, Data_Source_ID) VALUES (3, '2026-05-04', 73.07, 591, 101);
INSERT INTO Prices (Asset_ID, Price_Date, Close_Price, Volume, Data_Source_ID) VALUES (4, '2026-05-04', 716.16, 51950600, 101);
INSERT INTO Prices (Asset_ID, Price_Date, Close_Price, Volume, Data_Source_ID) VALUES (5, '2026-05-04', 52.61, 0, 101);
INSERT INTO Prices (Asset_ID, Price_Date, Close_Price, Volume, Data_Source_ID) VALUES (1, '2026-05-05', 80927.05, 39700107376, 101);
INSERT INTO Prices (Asset_ID, Price_Date, Close_Price, Volume, Data_Source_ID) VALUES (2, '2026-05-05', 4555.8, 426, 101);
INSERT INTO Prices (Asset_ID, Price_Date, Close_Price, Volume, Data_Source_ID) VALUES (3, '2026-05-05', 73.11, 194, 101);
INSERT INTO Prices (Asset_ID, Price_Date, Close_Price, Volume, Data_Source_ID) VALUES (4, '2026-05-05', 721.91, 36933200, 101);
INSERT INTO Prices (Asset_ID, Price_Date, Close_Price, Volume, Data_Source_ID) VALUES (5, '2026-05-05', 52.93, 0, 101);
INSERT INTO Prices (Asset_ID, Price_Date, Close_Price, Volume, Data_Source_ID) VALUES (1, '2026-05-06', 81427.53, 41751540000, 101);
INSERT INTO Prices (Asset_ID, Price_Date, Close_Price, Volume, Data_Source_ID) VALUES (2, '2026-05-06', 4681.9, 212, 101);
INSERT INTO Prices (Asset_ID, Price_Date, Close_Price, Volume, Data_Source_ID) VALUES (3, '2026-05-06', 76.81, 235, 101);
INSERT INTO Prices (Asset_ID, Price_Date, Close_Price, Volume, Data_Source_ID) VALUES (4, '2026-05-06', 731.94, 53288900, 101);
INSERT INTO Prices (Asset_ID, Price_Date, Close_Price, Volume, Data_Source_ID) VALUES (5, '2026-05-06', 53.47, 0, 101);
INSERT INTO Prices (Asset_ID, Price_Date, Close_Price, Volume, Data_Source_ID) VALUES (1, '2026-05-07', 80009.99, 36931193154, 101);
INSERT INTO Prices (Asset_ID, Price_Date, Close_Price, Volume, Data_Source_ID) VALUES (2, '2026-05-07', 4699.8, 254, 101);
INSERT INTO Prices (Asset_ID, Price_Date, Close_Price, Volume, Data_Source_ID) VALUES (3, '2026-05-07', 79.7, 301, 101);
INSERT INTO Prices (Asset_ID, Price_Date, Close_Price, Volume, Data_Source_ID) VALUES (4, '2026-05-07', 729.7, 51724600, 101);
INSERT INTO Prices (Asset_ID, Price_Date, Close_Price, Volume, Data_Source_ID) VALUES (5, '2026-05-07', 53.27, 0, 101);
INSERT INTO Prices (Asset_ID, Price_Date, Close_Price, Volume, Data_Source_ID) VALUES (1, '2026-05-08', 80186.77, 33789351540, 101);
INSERT INTO Prices (Asset_ID, Price_Date, Close_Price, Volume, Data_Source_ID) VALUES (2, '2026-05-08', 4720.4, 120, 101);
INSERT INTO Prices (Asset_ID, Price_Date, Close_Price, Volume, Data_Source_ID) VALUES (3, '2026-05-08', 80.39, 14, 101);
INSERT INTO Prices (Asset_ID, Price_Date, Close_Price, Volume, Data_Source_ID) VALUES (4, '2026-05-08', 735.72, 47227100, 101);
INSERT INTO Prices (Asset_ID, Price_Date, Close_Price, Volume, Data_Source_ID) VALUES (5, '2026-05-08', 53.56, 0, 101);
INSERT INTO Prices (Asset_ID, Price_Date, Close_Price, Volume, Data_Source_ID) VALUES (1, '2026-05-09', 80664.37, 18102086996, 101);
INSERT INTO Prices (Asset_ID, Price_Date, Close_Price, Volume, Data_Source_ID) VALUES (1, '2026-05-10', 82138.93, 26965971077, 101);
INSERT INTO Prices (Asset_ID, Price_Date, Close_Price, Volume, Data_Source_ID) VALUES (1, '2026-05-11', 81728.3, 32409774919, 101);
INSERT INTO Prices (Asset_ID, Price_Date, Close_Price, Volume, Data_Source_ID) VALUES (2, '2026-05-11', 4718.7, 36, 101);
INSERT INTO Prices (Asset_ID, Price_Date, Close_Price, Volume, Data_Source_ID) VALUES (3, '2026-05-11', 85.49, 408, 101);
INSERT INTO Prices (Asset_ID, Price_Date, Close_Price, Volume, Data_Source_ID) VALUES (4, '2026-05-11', 737.4, 44024000, 101);
INSERT INTO Prices (Asset_ID, Price_Date, Close_Price, Volume, Data_Source_ID) VALUES (5, '2026-05-11', 53.57, 0, 101);
INSERT INTO Prices (Asset_ID, Price_Date, Close_Price, Volume, Data_Source_ID) VALUES (1, '2026-05-12', 80477.49, 32186688600, 101);
INSERT INTO Prices (Asset_ID, Price_Date, Close_Price, Volume, Data_Source_ID) VALUES (2, '2026-05-12', 4677.6, 93, 101);
INSERT INTO Prices (Asset_ID, Price_Date, Close_Price, Volume, Data_Source_ID) VALUES (3, '2026-05-12', 85.13, 418, 101);
INSERT INTO Prices (Asset_ID, Price_Date, Close_Price, Volume, Data_Source_ID) VALUES (4, '2026-05-12', 736.28, 54185300, 101);
INSERT INTO Prices (Asset_ID, Price_Date, Close_Price, Volume, Data_Source_ID) VALUES (5, '2026-05-12', 53.43, 0, 101);
INSERT INTO Prices (Asset_ID, Price_Date, Close_Price, Volume, Data_Source_ID) VALUES (1, '2026-05-13', 79277.12, 34075428359, 101);
INSERT INTO Prices (Asset_ID, Price_Date, Close_Price, Volume, Data_Source_ID) VALUES (2, '2026-05-13', 4697.7, 228, 101);
INSERT INTO Prices (Asset_ID, Price_Date, Close_Price, Volume, Data_Source_ID) VALUES (3, '2026-05-13', 88.89, 137, 101);
INSERT INTO Prices (Asset_ID, Price_Date, Close_Price, Volume, Data_Source_ID) VALUES (4, '2026-05-13', 740.4, 44200200, 101);
INSERT INTO Prices (Asset_ID, Price_Date, Close_Price, Volume, Data_Source_ID) VALUES (5, '2026-05-13', 53.62, 0, 101);
INSERT INTO Prices (Asset_ID, Price_Date, Close_Price, Volume, Data_Source_ID) VALUES (1, '2026-05-14', 81051.25, 43731663431, 101);
INSERT INTO Prices (Asset_ID, Price_Date, Close_Price, Volume, Data_Source_ID) VALUES (2, '2026-05-14', 4678.1, 5, 101);
INSERT INTO Prices (Asset_ID, Price_Date, Close_Price, Volume, Data_Source_ID) VALUES (3, '2026-05-14', 84.91, 91, 101);
INSERT INTO Prices (Asset_ID, Price_Date, Close_Price, Volume, Data_Source_ID) VALUES (4, '2026-05-14', 746.25, 45307600, 101);
INSERT INTO Prices (Asset_ID, Price_Date, Close_Price, Volume, Data_Source_ID) VALUES (5, '2026-05-14', 53.86, 0, 101);
INSERT INTO Prices (Asset_ID, Price_Date, Close_Price, Volume, Data_Source_ID) VALUES (1, '2026-05-15', 79065.68, 38183347368, 101);
INSERT INTO Prices (Asset_ID, Price_Date, Close_Price, Volume, Data_Source_ID) VALUES (2, '2026-05-15', 4555.8, 607, 101);
INSERT INTO Prices (Asset_ID, Price_Date, Close_Price, Volume, Data_Source_ID) VALUES (3, '2026-05-15', 77.16, 53, 101);
INSERT INTO Prices (Asset_ID, Price_Date, Close_Price, Volume, Data_Source_ID) VALUES (4, '2026-05-15', 737.27, 60410800, 101);
INSERT INTO Prices (Asset_ID, Price_Date, Close_Price, Volume, Data_Source_ID) VALUES (5, '2026-05-15', 53.31, 0, 101);
INSERT INTO Prices (Asset_ID, Price_Date, Close_Price, Volume, Data_Source_ID) VALUES (1, '2026-05-16', 78131.44, 25895799905, 101);
INSERT INTO Prices (Asset_ID, Price_Date, Close_Price, Volume, Data_Source_ID) VALUES (1, '2026-05-17', 77429.35, 20900166465, 101);
INSERT INTO Prices (Asset_ID, Price_Date, Close_Price, Volume, Data_Source_ID) VALUES (1, '2026-05-18', 76954.17, 41520471808, 101);
INSERT INTO Prices (Asset_ID, Price_Date, Close_Price, Volume, Data_Source_ID) VALUES (2, '2026-05-18', 4552.5, 38, 101);
INSERT INTO Prices (Asset_ID, Price_Date, Close_Price, Volume, Data_Source_ID) VALUES (3, '2026-05-18', 77.07, 211, 101);
INSERT INTO Prices (Asset_ID, Price_Date, Close_Price, Volume, Data_Source_ID) VALUES (4, '2026-05-18', 736.75, 47843900, 101);
INSERT INTO Prices (Asset_ID, Price_Date, Close_Price, Volume, Data_Source_ID) VALUES (5, '2026-05-18', 53.28, 0, 101);
INSERT INTO Prices (Asset_ID, Price_Date, Close_Price, Volume, Data_Source_ID) VALUES (1, '2026-05-19', 76750.91, 26031898332, 101);
INSERT INTO Prices (Asset_ID, Price_Date, Close_Price, Volume, Data_Source_ID) VALUES (2, '2026-05-19', 4506.3, 875, 101);
INSERT INTO Prices (Asset_ID, Price_Date, Close_Price, Volume, Data_Source_ID) VALUES (3, '2026-05-19', 74.83, 50, 101);
INSERT INTO Prices (Asset_ID, Price_Date, Close_Price, Volume, Data_Source_ID) VALUES (4, '2026-05-19', 731.84, 54255900, 101);
INSERT INTO Prices (Asset_ID, Price_Date, Close_Price, Volume, Data_Source_ID) VALUES (5, '2026-05-19', 52.99, 0, 101);
INSERT INTO Prices (Asset_ID, Price_Date, Close_Price, Volume, Data_Source_ID) VALUES (1, '2026-05-20', 77457.77, 26668360936, 101);
INSERT INTO Prices (Asset_ID, Price_Date, Close_Price, Volume, Data_Source_ID) VALUES (2, '2026-05-20', 4531.3, 981, 101);
INSERT INTO Prices (Asset_ID, Price_Date, Close_Price, Volume, Data_Source_ID) VALUES (3, '2026-05-20', 75.85, 249, 101);
INSERT INTO Prices (Asset_ID, Price_Date, Close_Price, Volume, Data_Source_ID) VALUES (4, '2026-05-20', 739.35, 45768000, 101);
INSERT INTO Prices (Asset_ID, Price_Date, Close_Price, Volume, Data_Source_ID) VALUES (5, '2026-05-20', 53.48, 0, 101);
INSERT INTO Prices (Asset_ID, Price_Date, Close_Price, Volume, Data_Source_ID) VALUES (1, '2026-05-21', 77539.17, 27141485404, 101);
INSERT INTO Prices (Asset_ID, Price_Date, Close_Price, Volume, Data_Source_ID) VALUES (2, '2026-05-21', 4539.8, 426, 101);
INSERT INTO Prices (Asset_ID, Price_Date, Close_Price, Volume, Data_Source_ID) VALUES (3, '2026-05-21', 76.41, 4, 101);
INSERT INTO Prices (Asset_ID, Price_Date, Close_Price, Volume, Data_Source_ID) VALUES (4, '2026-05-21', 740.81, 43332200, 101);
INSERT INTO Prices (Asset_ID, Price_Date, Close_Price, Volume, Data_Source_ID) VALUES (5, '2026-05-21', 53.58, 0, 101);
INSERT INTO Prices (Asset_ID, Price_Date, Close_Price, Volume, Data_Source_ID) VALUES (1, '2026-05-22', 75488.24, 27859040109, 101);
INSERT INTO Prices (Asset_ID, Price_Date, Close_Price, Volume, Data_Source_ID) VALUES (2, '2026-05-22', 4521.0, 40, 101);
INSERT INTO Prices (Asset_ID, Price_Date, Close_Price, Volume, Data_Source_ID) VALUES (3, '2026-05-22', 75.89, 20, 101);
INSERT INTO Prices (Asset_ID, Price_Date, Close_Price, Volume, Data_Source_ID) VALUES (4, '2026-05-22', 743.72, 41762000, 101);
INSERT INTO Prices (Asset_ID, Price_Date, Close_Price, Volume, Data_Source_ID) VALUES (5, '2026-05-22', 53.74, 0, 101);
INSERT INTO Prices (Asset_ID, Price_Date, Close_Price, Volume, Data_Source_ID) VALUES (1, '2026-05-23', 76673.37, 29973220002, 101);
INSERT INTO Prices (Asset_ID, Price_Date, Close_Price, Volume, Data_Source_ID) VALUES (1, '2026-05-24', 76981.12, 20572738918, 101);
INSERT INTO Prices (Asset_ID, Price_Date, Close_Price, Volume, Data_Source_ID) VALUES (1, '2026-05-25', 77279.93, 19808387601, 101);
INSERT INTO Prices (Asset_ID, Price_Date, Close_Price, Volume, Data_Source_ID) VALUES (1, '2026-05-26', 75825.73, 35999475458, 101);
INSERT INTO Prices (Asset_ID, Price_Date, Close_Price, Volume, Data_Source_ID) VALUES (2, '2026-05-26', 4500.4, 1261, 101);
INSERT INTO Prices (Asset_ID, Price_Date, Close_Price, Volume, Data_Source_ID) VALUES (3, '2026-05-26', 76.31, 110, 101);
INSERT INTO Prices (Asset_ID, Price_Date, Close_Price, Volume, Data_Source_ID) VALUES (4, '2026-05-26', 748.66, 41123600, 101);
INSERT INTO Prices (Asset_ID, Price_Date, Close_Price, Volume, Data_Source_ID) VALUES (5, '2026-05-26', 54.05, 0, 101);
INSERT INTO Prices (Asset_ID, Price_Date, Close_Price, Volume, Data_Source_ID) VALUES (1, '2026-05-27', 74344.7, 33802172927, 101);
INSERT INTO Prices (Asset_ID, Price_Date, Close_Price, Volume, Data_Source_ID) VALUES (2, '2026-05-27', 4447.5, 81062, 101);
INSERT INTO Prices (Asset_ID, Price_Date, Close_Price, Volume, Data_Source_ID) VALUES (3, '2026-05-27', 74.6, 863, 101);
INSERT INTO Prices (Asset_ID, Price_Date, Close_Price, Volume, Data_Source_ID) VALUES (4, '2026-05-27', 748.53, 42106300, 101);
INSERT INTO Prices (Asset_ID, Price_Date, Close_Price, Volume, Data_Source_ID) VALUES (5, '2026-05-27', 54.06, 0, 101);
INSERT INTO Prices (Asset_ID, Price_Date, Close_Price, Volume, Data_Source_ID) VALUES (1, '2026-05-28', 73536.55, 40148145327, 101);
INSERT INTO Prices (Asset_ID, Price_Date, Close_Price, Volume, Data_Source_ID) VALUES (2, '2026-05-28', 4499.3, 16427, 101);
INSERT INTO Prices (Asset_ID, Price_Date, Close_Price, Volume, Data_Source_ID) VALUES (3, '2026-05-28', 75.64, 280, 101);
INSERT INTO Prices (Asset_ID, Price_Date, Close_Price, Volume, Data_Source_ID) VALUES (4, '2026-05-28', 752.66, 41562600, 101);
INSERT INTO Prices (Asset_ID, Price_Date, Close_Price, Volume, Data_Source_ID) VALUES (5, '2026-05-28', 54.31, 0, 101);
INSERT INTO Prices (Asset_ID, Price_Date, Close_Price, Volume, Data_Source_ID) VALUES (1, '2026-05-29', 73372.52, 34457929250, 101);
INSERT INTO Prices (Asset_ID, Price_Date, Close_Price, Volume, Data_Source_ID) VALUES (2, '2026-05-29', 4560.5, 1883, 101);
INSERT INTO Prices (Asset_ID, Price_Date, Close_Price, Volume, Data_Source_ID) VALUES (3, '2026-05-29', 75.62, 23, 101);
INSERT INTO Prices (Asset_ID, Price_Date, Close_Price, Volume, Data_Source_ID) VALUES (4, '2026-05-29', 754.54, 55075700, 101);
INSERT INTO Prices (Asset_ID, Price_Date, Close_Price, Volume, Data_Source_ID) VALUES (5, '2026-05-29', 54.41, 0, 101);
INSERT INTO Prices (Asset_ID, Price_Date, Close_Price, Volume, Data_Source_ID) VALUES (1, '2026-05-30', 73754.84, 19563589191, 101);
INSERT INTO Prices (Asset_ID, Price_Date, Close_Price, Volume, Data_Source_ID) VALUES (1, '2026-05-31', 73579.69, 17445435650, 101);
INSERT INTO Prices (Asset_ID, Price_Date, Close_Price, Volume, Data_Source_ID) VALUES (1, '2026-06-01', 71319.77, 43378836121, 101);
INSERT INTO Prices (Asset_ID, Price_Date, Close_Price, Volume, Data_Source_ID) VALUES (2, '2026-06-01', 4475.2, 835, 101);
INSERT INTO Prices (Asset_ID, Price_Date, Close_Price, Volume, Data_Source_ID) VALUES (3, '2026-06-01', 75.01, 82, 101);
INSERT INTO Prices (Asset_ID, Price_Date, Close_Price, Volume, Data_Source_ID) VALUES (4, '2026-06-01', 756.59, 43634900, 101);
INSERT INTO Prices (Asset_ID, Price_Date, Close_Price, Volume, Data_Source_ID) VALUES (5, '2026-06-01', 54.48, 0, 101);
INSERT INTO Prices (Asset_ID, Price_Date, Close_Price, Volume, Data_Source_ID) VALUES (1, '2026-06-02', 66703.66, 54990073882, 101);
INSERT INTO Prices (Asset_ID, Price_Date, Close_Price, Volume, Data_Source_ID) VALUES (2, '2026-06-02', 4489.1, 456, 101);
INSERT INTO Prices (Asset_ID, Price_Date, Close_Price, Volume, Data_Source_ID) VALUES (3, '2026-06-02', 75.31, 58, 101);
INSERT INTO Prices (Asset_ID, Price_Date, Close_Price, Volume, Data_Source_ID) VALUES (4, '2026-06-02', 757.62, 31581900, 101);
INSERT INTO Prices (Asset_ID, Price_Date, Close_Price, Volume, Data_Source_ID) VALUES (5, '2026-06-02', 54.56, 0, 101);
INSERT INTO Prices (Asset_ID, Price_Date, Close_Price, Volume, Data_Source_ID) VALUES (1, '2026-06-03', 64014.37, 47411556213, 101);
INSERT INTO Prices (Asset_ID, Price_Date, Close_Price, Volume, Data_Source_ID) VALUES (2, '2026-06-03', 4436.7, 2913, 101);
INSERT INTO Prices (Asset_ID, Price_Date, Close_Price, Volume, Data_Source_ID) VALUES (3, '2026-06-03', 73.48, 13, 101);
INSERT INTO Prices (Asset_ID, Price_Date, Close_Price, Volume, Data_Source_ID) VALUES (4, '2026-06-03', 752.3, 51402500, 101);
INSERT INTO Prices (Asset_ID, Price_Date, Close_Price, Volume, Data_Source_ID) VALUES (5, '2026-06-03', 54.27, 0, 101);
INSERT INTO Prices (Asset_ID, Price_Date, Close_Price, Volume, Data_Source_ID) VALUES (1, '2026-06-04', 63801.57, 63800151780, 101);
INSERT INTO Prices (Asset_ID, Price_Date, Close_Price, Volume, Data_Source_ID) VALUES (2, '2026-06-04', 4475.8, 480, 101);
INSERT INTO Prices (Asset_ID, Price_Date, Close_Price, Volume, Data_Source_ID) VALUES (3, '2026-06-04', 73.78, 138, 101);
INSERT INTO Prices (Asset_ID, Price_Date, Close_Price, Volume, Data_Source_ID) VALUES (4, '2026-06-04', 755.14, 49923000, 101);
INSERT INTO Prices (Asset_ID, Price_Date, Close_Price, Volume, Data_Source_ID) VALUES (5, '2026-06-04', 54.46, 0, 101);
INSERT INTO Prices (Asset_ID, Price_Date, Close_Price, Volume, Data_Source_ID) VALUES (1, '2026-06-05', 60922.67, 71465606706, 101);
INSERT INTO Prices (Asset_ID, Price_Date, Close_Price, Volume, Data_Source_ID) VALUES (2, '2026-06-05', 4337.1, 4062, 101);
INSERT INTO Prices (Asset_ID, Price_Date, Close_Price, Volume, Data_Source_ID) VALUES (3, '2026-06-05', 68.94, 62, 101);
INSERT INTO Prices (Asset_ID, Price_Date, Close_Price, Volume, Data_Source_ID) VALUES (4, '2026-06-05', 735.65, 93989400, 101);
INSERT INTO Prices (Asset_ID, Price_Date, Close_Price, Volume, Data_Source_ID) VALUES (5, '2026-06-05', 53.47, 0, 101);
INSERT INTO Prices (Asset_ID, Price_Date, Close_Price, Volume, Data_Source_ID) VALUES (1, '2026-06-06', 60867.41, 30898464957, 101);
INSERT INTO Prices (Asset_ID, Price_Date, Close_Price, Volume, Data_Source_ID) VALUES (1, '2026-06-07', 63239.52, 36006496194, 101);
INSERT INTO Prices (Asset_ID, Price_Date, Close_Price, Volume, Data_Source_ID) VALUES (1, '2026-06-08', 63090.59, 34133252457, 101);
INSERT INTO Prices (Asset_ID, Price_Date, Close_Price, Volume, Data_Source_ID) VALUES (2, '2026-06-08', 4335.9, 357, 101);
INSERT INTO Prices (Asset_ID, Price_Date, Close_Price, Volume, Data_Source_ID) VALUES (3, '2026-06-08', 68.43, 22, 101);
INSERT INTO Prices (Asset_ID, Price_Date, Close_Price, Volume, Data_Source_ID) VALUES (4, '2026-06-08', 737.32, 49319100, 101);
INSERT INTO Prices (Asset_ID, Price_Date, Close_Price, Volume, Data_Source_ID) VALUES (5, '2026-06-08', 53.56, 0, 101);
INSERT INTO Prices (Asset_ID, Price_Date, Close_Price, Volume, Data_Source_ID) VALUES (1, '2026-06-09', 61643.78, 40144449754, 101);
INSERT INTO Prices (Asset_ID, Price_Date, Close_Price, Volume, Data_Source_ID) VALUES (2, '2026-06-09', 4260.0, 1292, 101);
INSERT INTO Prices (Asset_ID, Price_Date, Close_Price, Volume, Data_Source_ID) VALUES (3, '2026-06-09', 65.09, 81, 101);
INSERT INTO Prices (Asset_ID, Price_Date, Close_Price, Volume, Data_Source_ID) VALUES (4, '2026-06-09', 735.16, 87683500, 101);
INSERT INTO Prices (Asset_ID, Price_Date, Close_Price, Volume, Data_Source_ID) VALUES (5, '2026-06-09', 53.55, 0, 101);
INSERT INTO Prices (Asset_ID, Price_Date, Close_Price, Volume, Data_Source_ID) VALUES (1, '2026-06-10', 61449.29, 27493506779, 101);
INSERT INTO Prices (Asset_ID, Price_Date, Close_Price, Volume, Data_Source_ID) VALUES (2, '2026-06-10', 4108.2, 525, 101);
INSERT INTO Prices (Asset_ID, Price_Date, Close_Price, Volume, Data_Source_ID) VALUES (3, '2026-06-10', 64.6, 4, 101);
INSERT INTO Prices (Asset_ID, Price_Date, Close_Price, Volume, Data_Source_ID) VALUES (4, '2026-06-10', 723.57, 60341300, 101);
INSERT INTO Prices (Asset_ID, Price_Date, Close_Price, Volume, Data_Source_ID) VALUES (5, '2026-06-10', 53.01, 0, 101);
INSERT INTO Prices (Asset_ID, Price_Date, Close_Price, Volume, Data_Source_ID) VALUES (1, '2026-06-11', 63561.05, 29316677897, 101);
INSERT INTO Prices (Asset_ID, Price_Date, Close_Price, Volume, Data_Source_ID) VALUES (2, '2026-06-11', 4090.3, 1938, 101);
INSERT INTO Prices (Asset_ID, Price_Date, Close_Price, Volume, Data_Source_ID) VALUES (3, '2026-06-11', 63.88, 22, 101);
INSERT INTO Prices (Asset_ID, Price_Date, Close_Price, Volume, Data_Source_ID) VALUES (4, '2026-06-11', 735.86, 86330500, 101);
INSERT INTO Prices (Asset_ID, Price_Date, Close_Price, Volume, Data_Source_ID) VALUES (5, '2026-06-11', 53.72, 0, 101);
INSERT INTO Prices (Asset_ID, Price_Date, Close_Price, Volume, Data_Source_ID) VALUES (1, '2026-06-12', 63543.2, 26881868307, 101);
INSERT INTO Prices (Asset_ID, Price_Date, Close_Price, Volume, Data_Source_ID) VALUES (2, '2026-06-12', 4215.0, 1167, 101);
INSERT INTO Prices (Asset_ID, Price_Date, Close_Price, Volume, Data_Source_ID) VALUES (3, '2026-06-12', 67.86, 11, 101);
INSERT INTO Prices (Asset_ID, Price_Date, Close_Price, Volume, Data_Source_ID) VALUES (4, '2026-06-12', 739.84, 57079500, 101);
INSERT INTO Prices (Asset_ID, Price_Date, Close_Price, Volume, Data_Source_ID) VALUES (5, '2026-06-12', 53.86, 0, 101);
INSERT INTO Prices (Asset_ID, Price_Date, Close_Price, Volume, Data_Source_ID) VALUES (1, '2026-06-13', 64421.32, 16956245530, 101);
INSERT INTO Prices (Asset_ID, Price_Date, Close_Price, Volume, Data_Source_ID) VALUES (1, '2026-06-14', 65710.4, 21572226975, 101);
INSERT INTO Prices (Asset_ID, Price_Date, Close_Price, Volume, Data_Source_ID) VALUES (1, '2026-06-15', 66289.5, 32927321950, 101);
INSERT INTO Prices (Asset_ID, Price_Date, Close_Price, Volume, Data_Source_ID) VALUES (2, '2026-06-15', 4328.0, 1666, 101);
INSERT INTO Prices (Asset_ID, Price_Date, Close_Price, Volume, Data_Source_ID) VALUES (3, '2026-06-15', 70.07, 0, 101);
INSERT INTO Prices (Asset_ID, Price_Date, Close_Price, Volume, Data_Source_ID) VALUES (4, '2026-06-15', 752.89, 60176400, 101);
INSERT INTO Prices (Asset_ID, Price_Date, Close_Price, Volume, Data_Source_ID) VALUES (5, '2026-06-15', 54.42, 0, 101);
INSERT INTO Prices (Asset_ID, Price_Date, Close_Price, Volume, Data_Source_ID) VALUES (1, '2026-06-16', 65600.64, 25063963967, 101);
INSERT INTO Prices (Asset_ID, Price_Date, Close_Price, Volume, Data_Source_ID) VALUES (2, '2026-06-16', 4330.9, 158, 101);
INSERT INTO Prices (Asset_ID, Price_Date, Close_Price, Volume, Data_Source_ID) VALUES (3, '2026-06-16', 69.9, 2, 101);
INSERT INTO Prices (Asset_ID, Price_Date, Close_Price, Volume, Data_Source_ID) VALUES (4, '2026-06-16', 748.4, 67093100, 101);
INSERT INTO Prices (Asset_ID, Price_Date, Close_Price, Volume, Data_Source_ID) VALUES (5, '2026-06-16', 54.26, 0, 101);
INSERT INTO Prices (Asset_ID, Price_Date, Close_Price, Volume, Data_Source_ID) VALUES (1, '2026-06-17', 64418.45, 31288885189, 101);
INSERT INTO Prices (Asset_ID, Price_Date, Close_Price, Volume, Data_Source_ID) VALUES (2, '2026-06-17', 4358.9, 1961, 101);
INSERT INTO Prices (Asset_ID, Price_Date, Close_Price, Volume, Data_Source_ID) VALUES (3, '2026-06-17', 70.7, 22, 101);
INSERT INTO Prices (Asset_ID, Price_Date, Close_Price, Volume, Data_Source_ID) VALUES (4, '2026-06-17', 739.06, 85945200, 101);
INSERT INTO Prices (Asset_ID, Price_Date, Close_Price, Volume, Data_Source_ID) VALUES (5, '2026-06-17', 53.79, 0, 101);
INSERT INTO Prices (Asset_ID, Price_Date, Close_Price, Volume, Data_Source_ID) VALUES (1, '2026-06-18', 62896.47, 30432454936, 101);
INSERT INTO Prices (Asset_ID, Price_Date, Close_Price, Volume, Data_Source_ID) VALUES (2, '2026-06-18', 4224.1, 738, 101);
INSERT INTO Prices (Asset_ID, Price_Date, Close_Price, Volume, Data_Source_ID) VALUES (3, '2026-06-18', 66.25, 0, 101);
INSERT INTO Prices (Asset_ID, Price_Date, Close_Price, Volume, Data_Source_ID) VALUES (4, '2026-06-18', 746.74, 80875700, 101);
INSERT INTO Prices (Asset_ID, Price_Date, Close_Price, Volume, Data_Source_ID) VALUES (5, '2026-06-18', 54.22, 0, 101);
INSERT INTO Prices (Asset_ID, Price_Date, Close_Price, Volume, Data_Source_ID) VALUES (1, '2026-06-19', 63540.84, 22361931660, 101);
INSERT INTO Prices (Asset_ID, Price_Date, Close_Price, Volume, Data_Source_ID) VALUES (1, '2026-06-20', 64239.68, 17486384117, 101);
INSERT INTO Prices (Asset_ID, Price_Date, Close_Price, Volume, Data_Source_ID) VALUES (1, '2026-06-21', 63237.54, 15739619591, 101);
INSERT INTO Prices (Asset_ID, Price_Date, Close_Price, Volume, Data_Source_ID) VALUES (1, '2026-06-22', 63952.11, 26561496819, 101);
INSERT INTO Prices (Asset_ID, Price_Date, Close_Price, Volume, Data_Source_ID) VALUES (2, '2026-06-22', 4181.9, 1197, 101);
INSERT INTO Prices (Asset_ID, Price_Date, Close_Price, Volume, Data_Source_ID) VALUES (3, '2026-06-22', 65.53, 16, 101);
INSERT INTO Prices (Asset_ID, Price_Date, Close_Price, Volume, Data_Source_ID) VALUES (4, '2026-06-22', 744.39, 46628100, 101);
INSERT INTO Prices (Asset_ID, Price_Date, Close_Price, Volume, Data_Source_ID) VALUES (5, '2026-06-22', 54.05, 0, 101);
INSERT INTO Prices (Asset_ID, Price_Date, Close_Price, Volume, Data_Source_ID) VALUES (1, '2026-06-23', 62668.02, 29608942370, 101);
INSERT INTO Prices (Asset_ID, Price_Date, Close_Price, Volume, Data_Source_ID) VALUES (2, '2026-06-23', 4129.9, 252, 101);
INSERT INTO Prices (Asset_ID, Price_Date, Close_Price, Volume, Data_Source_ID) VALUES (3, '2026-06-23', 62.02, 56, 101);
INSERT INTO Prices (Asset_ID, Price_Date, Close_Price, Volume, Data_Source_ID) VALUES (4, '2026-06-23', 733.58, 66846800, 101);
INSERT INTO Prices (Asset_ID, Price_Date, Close_Price, Volume, Data_Source_ID) VALUES (5, '2026-06-23', 53.62, 0, 101);
INSERT INTO Prices (Asset_ID, Price_Date, Close_Price, Volume, Data_Source_ID) VALUES (1, '2026-06-24', 60995.13, 42644106535, 101);
INSERT INTO Prices (Asset_ID, Price_Date, Close_Price, Volume, Data_Source_ID) VALUES (2, '2026-06-24', 3990.3, 353, 101);
INSERT INTO Prices (Asset_ID, Price_Date, Close_Price, Volume, Data_Source_ID) VALUES (3, '2026-06-24', 58.05, 79, 101);
INSERT INTO Prices (Asset_ID, Price_Date, Close_Price, Volume, Data_Source_ID) VALUES (4, '2026-06-24', 733.24, 57439500, 101);
INSERT INTO Prices (Asset_ID, Price_Date, Close_Price, Volume, Data_Source_ID) VALUES (5, '2026-06-24', 53.71, 0, 101);
INSERT INTO Prices (Asset_ID, Price_Date, Close_Price, Volume, Data_Source_ID) VALUES (1, '2026-06-25', 59721.68, 40625024718, 101);
INSERT INTO Prices (Asset_ID, Price_Date, Close_Price, Volume, Data_Source_ID) VALUES (2, '2026-06-25', 4030.5, 2724, 101);
INSERT INTO Prices (Asset_ID, Price_Date, Close_Price, Volume, Data_Source_ID) VALUES (3, '2026-06-25', 58.35, 148, 101);
INSERT INTO Prices (Asset_ID, Price_Date, Close_Price, Volume, Data_Source_ID) VALUES (4, '2026-06-25', 734.3, 53934400, 101);
INSERT INTO Prices (Asset_ID, Price_Date, Close_Price, Volume, Data_Source_ID) VALUES (5, '2026-06-25', 53.74, 0, 101);
INSERT INTO Prices (Asset_ID, Price_Date, Close_Price, Volume, Data_Source_ID) VALUES (1, '2026-06-26', 60016.43, 41502864671, 101);
INSERT INTO Prices (Asset_ID, Price_Date, Close_Price, Volume, Data_Source_ID) VALUES (2, '2026-06-26', 4078.7, 1431, 101);
INSERT INTO Prices (Asset_ID, Price_Date, Close_Price, Volume, Data_Source_ID) VALUES (3, '2026-06-26', 59.22, 25322, 101);
INSERT INTO Prices (Asset_ID, Price_Date, Close_Price, Volume, Data_Source_ID) VALUES (4, '2026-06-26', 728.99, 71034000, 101);
INSERT INTO Prices (Asset_ID, Price_Date, Close_Price, Volume, Data_Source_ID) VALUES (5, '2026-06-26', 53.78, 0, 101);
INSERT INTO Prices (Asset_ID, Price_Date, Close_Price, Volume, Data_Source_ID) VALUES (1, '2026-06-27', 59940.1, 15099836554, 101);
INSERT INTO Prices (Asset_ID, Price_Date, Close_Price, Volume, Data_Source_ID) VALUES (1, '2026-06-28', 59532.34, 16282230874, 101);
INSERT INTO Prices (Asset_ID, Price_Date, Close_Price, Volume, Data_Source_ID) VALUES (1, '2026-06-29', 60138.38, 30829983083, 101);
INSERT INTO Prices (Asset_ID, Price_Date, Close_Price, Volume, Data_Source_ID) VALUES (2, '2026-06-29', 4022.3, 785, 101);
INSERT INTO Prices (Asset_ID, Price_Date, Close_Price, Volume, Data_Source_ID) VALUES (3, '2026-06-29', 58.17, 3617, 101);
INSERT INTO Prices (Asset_ID, Price_Date, Close_Price, Volume, Data_Source_ID) VALUES (4, '2026-06-29', 741.0, 58035200, 101);
INSERT INTO Prices (Asset_ID, Price_Date, Close_Price, Volume, Data_Source_ID) VALUES (5, '2026-06-29', 54.17, 0, 101);
INSERT INTO Prices (Asset_ID, Price_Date, Close_Price, Volume, Data_Source_ID) VALUES (1, '2026-06-30', 58558.86, 32747419391, 101);
INSERT INTO Prices (Asset_ID, Price_Date, Close_Price, Volume, Data_Source_ID) VALUES (2, '2026-06-30', 4022.9, 1108, 101);
INSERT INTO Prices (Asset_ID, Price_Date, Close_Price, Volume, Data_Source_ID) VALUES (3, '2026-06-30', 59.48, 1886, 101);
INSERT INTO Prices (Asset_ID, Price_Date, Close_Price, Volume, Data_Source_ID) VALUES (4, '2026-06-30', 746.77, 55626000, 101);
INSERT INTO Prices (Asset_ID, Price_Date, Close_Price, Volume, Data_Source_ID) VALUES (5, '2026-06-30', 54.34, 0, 101);
INSERT INTO Prices (Asset_ID, Price_Date, Close_Price, Volume, Data_Source_ID) VALUES (1, '2026-07-01', 60003.76, 37904450118, 101);
INSERT INTO Prices (Asset_ID, Price_Date, Close_Price, Volume, Data_Source_ID) VALUES (2, '2026-07-01', 4068.3, 770, 101);
INSERT INTO Prices (Asset_ID, Price_Date, Close_Price, Volume, Data_Source_ID) VALUES (3, '2026-07-01', 60.08, 367, 101);
INSERT INTO Prices (Asset_ID, Price_Date, Close_Price, Volume, Data_Source_ID) VALUES (4, '2026-07-01', 745.76, 47100900, 101);
INSERT INTO Prices (Asset_ID, Price_Date, Close_Price, Volume, Data_Source_ID) VALUES (5, '2026-07-01', 54.22, 0, 101);
INSERT INTO Prices (Asset_ID, Price_Date, Close_Price, Volume, Data_Source_ID) VALUES (1, '2026-07-02', 61485.3, 40109297349, 101);
INSERT INTO Prices (Asset_ID, Price_Date, Close_Price, Volume, Data_Source_ID) VALUES (2, '2026-07-02', 4112.7, 228, 101);
INSERT INTO Prices (Asset_ID, Price_Date, Close_Price, Volume, Data_Source_ID) VALUES (3, '2026-07-02', 60.64, 197, 101);
INSERT INTO Prices (Asset_ID, Price_Date, Close_Price, Volume, Data_Source_ID) VALUES (4, '2026-07-02', 744.78, 57447800, 101);
INSERT INTO Prices (Asset_ID, Price_Date, Close_Price, Volume, Data_Source_ID) VALUES (5, '2026-07-02', 54.21, 0, 101);
INSERT INTO Prices (Asset_ID, Price_Date, Close_Price, Volume, Data_Source_ID) VALUES (1, '2026-07-03', 62544.2, 26131813598, 101);
INSERT INTO Prices (Asset_ID, Price_Date, Close_Price, Volume, Data_Source_ID) VALUES (1, '2026-07-04', 63088.3, 18608397613, 101);
INSERT INTO Prices (Asset_ID, Price_Date, Close_Price, Volume, Data_Source_ID) VALUES (1, '2026-07-05', 63547.88, 18267466154, 101);
INSERT INTO Prices (Asset_ID, Price_Date, Close_Price, Volume, Data_Source_ID) VALUES (1, '2026-07-06', 63995.02, 36552222303, 101);
INSERT INTO Prices (Asset_ID, Price_Date, Close_Price, Volume, Data_Source_ID) VALUES (2, '2026-07-06', 4155.1, 1024, 101);
INSERT INTO Prices (Asset_ID, Price_Date, Close_Price, Volume, Data_Source_ID) VALUES (3, '2026-07-06', 61.92, 69, 101);
INSERT INTO Prices (Asset_ID, Price_Date, Close_Price, Volume, Data_Source_ID) VALUES (4, '2026-07-06', 751.28, 50673300, 101);
INSERT INTO Prices (Asset_ID, Price_Date, Close_Price, Volume, Data_Source_ID) VALUES (5, '2026-07-06', 54.47, 0, 101);
INSERT INTO Prices (Asset_ID, Price_Date, Close_Price, Volume, Data_Source_ID) VALUES (1, '2026-07-07', 63297.39, 31026493556, 101);
INSERT INTO Prices (Asset_ID, Price_Date, Close_Price, Volume, Data_Source_ID) VALUES (2, '2026-07-07', 4145.3, 53, 101);
INSERT INTO Prices (Asset_ID, Price_Date, Close_Price, Volume, Data_Source_ID) VALUES (3, '2026-07-07', 60.93, 124, 101);
INSERT INTO Prices (Asset_ID, Price_Date, Close_Price, Volume, Data_Source_ID) VALUES (4, '2026-07-07', 747.71, 43721500, 101);
INSERT INTO Prices (Asset_ID, Price_Date, Close_Price, Volume, Data_Source_ID) VALUES (5, '2026-07-07', 54.2, 0, 101);
INSERT INTO Prices (Asset_ID, Price_Date, Close_Price, Volume, Data_Source_ID) VALUES (1, '2026-07-08', 62257.57, 27349235354, 101);
INSERT INTO Prices (Asset_ID, Price_Date, Close_Price, Volume, Data_Source_ID) VALUES (2, '2026-07-08', 4070.9, 292, 101);
INSERT INTO Prices (Asset_ID, Price_Date, Close_Price, Volume, Data_Source_ID) VALUES (3, '2026-07-08', 58.16, 326, 101);
INSERT INTO Prices (Asset_ID, Price_Date, Close_Price, Volume, Data_Source_ID) VALUES (4, '2026-07-08', 745.4, 43767400, 101);
INSERT INTO Prices (Asset_ID, Price_Date, Close_Price, Volume, Data_Source_ID) VALUES (5, '2026-07-08', 54.06, 0, 101);
INSERT INTO Prices (Asset_ID, Price_Date, Close_Price, Volume, Data_Source_ID) VALUES (1, '2026-07-09', 63193.15, 26546256117, 101);
INSERT INTO Prices (Asset_ID, Price_Date, Close_Price, Volume, Data_Source_ID) VALUES (2, '2026-07-09', 4130.6, 13, 101);
INSERT INTO Prices (Asset_ID, Price_Date, Close_Price, Volume, Data_Source_ID) VALUES (3, '2026-07-09', 60.38, 192, 101);
INSERT INTO Prices (Asset_ID, Price_Date, Close_Price, Volume, Data_Source_ID) VALUES (4, '2026-07-09', 751.71, 41441700, 101);
INSERT INTO Prices (Asset_ID, Price_Date, Close_Price, Volume, Data_Source_ID) VALUES (5, '2026-07-09', 54.37, 0, 101);
INSERT INTO Prices (Asset_ID, Price_Date, Close_Price, Volume, Data_Source_ID) VALUES (1, '2026-07-10', 64127.14, 27450201269, 101);
INSERT INTO Prices (Asset_ID, Price_Date, Close_Price, Volume, Data_Source_ID) VALUES (2, '2026-07-10', 4104.1, 389, 101);
INSERT INTO Prices (Asset_ID, Price_Date, Close_Price, Volume, Data_Source_ID) VALUES (3, '2026-07-10', 59.81, 73, 101);
INSERT INTO Prices (Asset_ID, Price_Date, Close_Price, Volume, Data_Source_ID) VALUES (4, '2026-07-10', 754.95, 42191300, 101);
INSERT INTO Prices (Asset_ID, Price_Date, Close_Price, Volume, Data_Source_ID) VALUES (5, '2026-07-10', 54.46, 0, 101);
INSERT INTO Prices (Asset_ID, Price_Date, Close_Price, Volume, Data_Source_ID) VALUES (1, '2026-07-11', 63802.03, 13954689047, 101);
INSERT INTO Prices (Asset_ID, Price_Date, Close_Price, Volume, Data_Source_ID) VALUES (1, '2026-07-12', 63758.22, 19043437787, 101);
INSERT INTO Prices (Asset_ID, Price_Date, Close_Price, Volume, Data_Source_ID) VALUES (1, '2026-07-13', 62239.12, 37650044790, 101);
INSERT INTO Prices (Asset_ID, Price_Date, Close_Price, Volume, Data_Source_ID) VALUES (2, '2026-07-13', 3997.0, 679, 101);
INSERT INTO Prices (Asset_ID, Price_Date, Close_Price, Volume, Data_Source_ID) VALUES (3, '2026-07-13', 57.63, 589, 101);
INSERT INTO Prices (Asset_ID, Price_Date, Close_Price, Volume, Data_Source_ID) VALUES (4, '2026-07-13', 749.17, 44013600, 101);
INSERT INTO Prices (Asset_ID, Price_Date, Close_Price, Volume, Data_Source_ID) VALUES (5, '2026-07-13', 54.12, 0, 101);
INSERT INTO Prices (Asset_ID, Price_Date, Close_Price, Volume, Data_Source_ID) VALUES (1, '2026-07-14', 64956.11, 29841287318, 101);
INSERT INTO Prices (Asset_ID, Price_Date, Close_Price, Volume, Data_Source_ID) VALUES (2, '2026-07-14', 4061.1, 1281, 101);
INSERT INTO Prices (Asset_ID, Price_Date, Close_Price, Volume, Data_Source_ID) VALUES (3, '2026-07-14', 58.77, 131, 101);
INSERT INTO Prices (Asset_ID, Price_Date, Close_Price, Volume, Data_Source_ID) VALUES (4, '2026-07-14', 751.83, 35143100, 101);
INSERT INTO Prices (Asset_ID, Price_Date, Close_Price, Volume, Data_Source_ID) VALUES (5, '2026-07-14', 54.29, 0, 101);
INSERT INTO Prices (Asset_ID, Price_Date, Close_Price, Volume, Data_Source_ID) VALUES (2, '2026-07-15', 4044.0, 1281, 101);
INSERT INTO Prices (Asset_ID, Price_Date, Close_Price, Volume, Data_Source_ID) VALUES (3, '2026-07-15', 57.11, 131, 101);
INSERT INTO Prices (Asset_ID, Price_Date, Close_Price, Volume, Data_Source_ID) VALUES (4, '2026-07-15', 754.81, 43794800, 101);
INSERT INTO Prices (Asset_ID, Price_Date, Close_Price, Volume, Data_Source_ID) VALUES (5, '2026-07-15', 54.45, 0, 101);
INSERT INTO Prices (Asset_ID, Price_Date, Close_Price, Volume, Data_Source_ID) VALUES (1, '2026-07-16', 64558.0, 27026296832, 101);
INSERT INTO Prices (Asset_ID, Price_Date, Close_Price, Volume, Data_Source_ID) VALUES (2, '2026-07-16', 4040.6, 15188, 101);
INSERT INTO Prices (Asset_ID, Price_Date, Close_Price, Volume, Data_Source_ID) VALUES (3, '2026-07-16', 57.53, 4344, 101);
